uid,domainID,siteID,namedLocation,passStartTime,passEndTime,eventID,passNumber,specimenNumber,taxonID,scientificName,taxonRank,morphospeciesID,morphospeciesIDRemarks,identificationQualifier,fishTotalLength,fishWeight,delt,efMortality,efInjury,fishLifeStage,sampleTypeCollected,voucherSampleID,dnaSampleID,identifiedBy,remarks
"45eebd8c-4a6a-4e67-86b3-13eb97e2e8aa","D02","POSE","POSE.AOS.fish.point.02","2017-10-30T15:18Z","2017-11-21T16:56Z","POSE.20171030.02.1.e-fisher",1,9,"RHIATR","Rhinichthys atratulus","species",,,,55,1.6,,,,,"no sample",,,"jcoloso@battelleecology.org",
"29b044fb-6384-4554-a3fa-f9e4ce46e8dd","D02","POSE","POSE.AOS.fish.point.02","2017-10-30T15:18Z","2017-11-21T16:56Z","POSE.20171030.02.1.e-fisher",1,44,"RHIATR","Rhinichthys atratulus","species",,,,39,0.5,,,,,"no sample",,,"jcoloso@battelleecology.org",
"37451bea-ce06-4ec2-b00d-227aa5bc5fc2","D02","POSE","POSE.AOS.fish.point.02","2017-10-30T15:18Z","2017-11-21T16:56Z","POSE.20171030.02.1.e-fisher",1,12,"RHIATR","Rhinichthys atratulus","species",,,,52,1.1,,,,,"no sample",,,"jcoloso@battelleecology.org",
"a47d4197-8979-48c8-9ab4-1b5a7ad44954","D02","POSE","POSE.AOS.fish.point.02","2017-10-30T15:18Z","2017-11-21T16:56Z","POSE.20171030.02.1.e-fisher",1,33,"RHIATR","Rhinichthys atratulus","species",,,,45,0.5,,,,,"no sample",,,"jcoloso@battelleecology.org",
"248a808a-6c9f-4a2b-a04e-7c460f7f2491","D02","POSE","POSE.AOS.fish.point.02","2017-10-30T15:18Z","2017-11-21T16:56Z","POSE.20171030.02.1.e-fisher",1,61,"RHIATR","Rhinichthys atratulus","species",,,,28,0.3,,,,,"no sample",,,"jcoloso@battelleecology.org",
"174a244b-aec2-4bb8-a799-d3b2bb70d9a1","D02","POSE","POSE.AOS.fish.point.02","2017-10-30T15:18Z","2017-11-21T16:56Z","POSE.20171030.02.1.e-fisher",1,18,"COTBAI1","Cottus bairdii","species",,,,50,1.5,,,,,"no sample",,,"jcoloso@battelleecology.org",
"d4f73e3c-0810-47e2-9e3b-e8b441bd649b","D02","POSE","POSE.AOS.fish.point.02","2017-10-30T15:18Z","2017-11-21T16:56Z","POSE.20171030.02.1.e-fisher",1,1,"COTBAI1","Cottus bairdii","species",,,,29,0.3,,,,,"no sample",,,"jcoloso@battelleecology.org",
"b05ec281-51b3-4287-baaf-d8b0b82a991b","D02","POSE","POSE.AOS.fish.point.02","2017-10-30T15:18Z","2017-11-21T16:56Z","POSE.20171030.02.1.e-fisher",1,19,"COTBAI1","Cottus bairdii","species",,,,19,0.3,,,,,"no sample",,,"jcoloso@battelleecology.org",
"719c7238-58dc-4636-b2b8-aca72c85c149","D02","POSE","POSE.AOS.fish.point.02","2017-10-30T15:18Z","2017-11-21T16:56Z","POSE.20171030.02.1.e-fisher",1,29,"RHIATR","Rhinichthys atratulus","species",,,,26,0.3,,,,,"no sample",,,"jcoloso@battelleecology.org",
"9dc378bf-1493-4055-9e45-44d006e3717f","D02","POSE","POSE.AOS.fish.point.02","2017-10-30T15:18Z","2017-11-21T16:56Z","POSE.20171030.02.1.e-fisher",1,59,"RHIATR","Rhinichthys atratulus","species",,,,60,1.7,,,,,"no sample",,,"jcoloso@battelleecology.org",
"8ac1583d-a381-434d-8d5a-51c1d986ce6c","D02","POSE","POSE.AOS.fish.point.02","2017-10-30T15:18Z","2017-11-21T16:56Z","POSE.20171030.02.1.e-fisher",1,4,"COTBAI1","Cottus bairdii","species",,,,50,1.3,,,,,"no sample",,,"jcoloso@battelleecology.org",
"55b7ccde-d0ca-4143-b6de-58efd1bbac94","D02","POSE","POSE.AOS.fish.point.02","2017-10-30T15:18Z","2017-11-21T16:56Z","POSE.20171030.02.1.e-fisher",1,55,"COTBAI1","Cottus bairdii","species",,,,22,0.3,,,,,"no sample",,,"jcoloso@battelleecology.org",
"81c7515e-32db-4631-a680-8fd800a295c5","D02","POSE","POSE.AOS.fish.point.02","2017-10-30T15:18Z","2017-11-21T16:56Z","POSE.20171030.02.1.e-fisher",1,6,"RHIATR","Rhinichthys atratulus","species",,,,64,1.9,,,,,"no sample",,,"jcoloso@battelleecology.org",
"d2d8c57f-5989-42aa-afea-89adef3951de","D02","POSE","POSE.AOS.fish.point.02","2017-10-30T15:18Z","2017-11-21T16:56Z","POSE.20171030.02.1.e-fisher",1,7,"COTBAI1","Cottus bairdii","species",,,,24,0.3,,,,,"no sample",,,"jcoloso@battelleecology.org",
"c51ff7f9-75bc-45b4-8317-08a26df8c698","D02","POSE","POSE.AOS.fish.point.02","2017-10-30T15:18Z","2017-11-21T16:56Z","POSE.20171030.02.1.e-fisher",1,15,"COTBAI1","Cottus bairdii","species",,,,43,0.9,,,,,"no sample",,,"jcoloso@battelleecology.org",
"b6e892a1-650a-4124-9b77-74d855a0fd0c","D02","POSE","POSE.AOS.fish.point.02","2017-10-30T15:18Z","2017-11-21T16:56Z","POSE.20171030.02.1.e-fisher",1,49,"RHIATR","Rhinichthys atratulus","species",,,,56,1.6,,,,,"no sample",,,"jcoloso@battelleecology.org",
"e2246ca3-f009-41b6-bb06-ed194459fac7","D02","POSE","POSE.AOS.fish.point.02","2017-10-30T15:18Z","2017-11-21T16:56Z","POSE.20171030.02.1.e-fisher",1,11,"RHIATR","Rhinichthys atratulus","species",,,,63,2.8,,,,,"no sample",,,"jcoloso@battelleecology.org",
"30950b38-6b7a-4383-873f-771634a24d18","D02","POSE","POSE.AOS.fish.point.02","2017-10-30T15:18Z","2017-11-21T16:56Z","POSE.20171030.02.1.e-fisher",1,31,"RHIATR","Rhinichthys atratulus","species",,,,56,1.4,,,,,"no sample",,,"jcoloso@battelleecology.org",
"8829fe8e-fc8c-446e-bf70-afae198aacc6","D02","POSE","POSE.AOS.fish.point.02","2017-10-30T15:18Z","2017-11-21T16:56Z","POSE.20171030.02.1.e-fisher",1,26,"RHIATR","Rhinichthys atratulus","species",,,,63,2.2,,,,,"no sample",,,"jcoloso@battelleecology.org",
"2fa6412a-35b6-4a23-898d-96a48e85ee5d","D02","POSE","POSE.AOS.fish.point.02","2017-10-30T15:18Z","2017-11-21T16:56Z","POSE.20171030.02.1.e-fisher",1,17,"RHIATR","Rhinichthys atratulus","species",,,,50,0.6,,,,,"no sample",,,"jcoloso@battelleecology.org",
"e391cc6e-88c4-40bc-96c3-e97389849ec7","D02","POSE","POSE.AOS.fish.point.02","2017-10-30T15:18Z","2017-11-21T16:56Z","POSE.20171030.02.1.e-fisher",1,37,"COTBAI1","Cottus bairdii","species",,,,65,2.9,,,,,"no sample",,,"jcoloso@battelleecology.org",
"a27ea19c-915a-43d0-bdd1-bc58c411baa2","D02","POSE","POSE.AOS.fish.point.02","2017-10-30T15:18Z","2017-11-21T16:56Z","POSE.20171030.02.1.e-fisher",1,23,"ETHFLA","Etheostoma flabellare","species",,,,36,0.3,,,,,"no sample",,,"jcoloso@battelleecology.org",
"4627049a-7bcc-4d84-9427-f40723512808","D02","POSE","POSE.AOS.fish.point.02","2017-10-30T15:18Z","2017-11-21T16:56Z","POSE.20171030.02.1.e-fisher",1,14,"SEMATR","Semotilus atromaculatus","species",,,,124,20.5,,,,,"no sample",,,"jcoloso@battelleecology.org",
"a1ad46d2-ca5a-4ac9-870a-ca2286d92508","D02","POSE","POSE.AOS.fish.point.02","2017-10-30T15:18Z","2017-11-21T16:56Z","POSE.20171030.02.1.e-fisher",1,8,"RHIATR","Rhinichthys atratulus","species",,,,57,1.7,,,,,"no sample",,,"jcoloso@battelleecology.org",
"5ac83676-a2ea-4f6e-9a8a-0ebcce59b537","D02","POSE","POSE.AOS.fish.point.02","2017-10-30T15:18Z","2017-11-21T16:56Z","POSE.20171030.02.1.e-fisher",1,56,"ETHFLA","Etheostoma flabellare","species",,,,41,0.6,,,,,"no sample",,,"jcoloso@battelleecology.org",
"bf5c7b41-8f82-4b22-9944-44be9797819b","D02","POSE","POSE.AOS.fish.point.02","2017-10-30T15:18Z","2017-11-21T16:56Z","POSE.20171030.02.1.e-fisher",1,38,"COTBAI1","Cottus bairdii","species",,,,45,1.0,,,,,"no sample",,,"jcoloso@battelleecology.org",
"5e38e8d0-bb51-4468-9217-1a7f60aeb72a","D02","POSE","POSE.AOS.fish.point.02","2017-10-30T15:18Z","2017-11-21T16:56Z","POSE.20171030.02.1.e-fisher",1,58,"RHIATR","Rhinichthys atratulus","species",,,,55,1.2,,,,,"no sample",,,"jcoloso@battelleecology.org",
"efccdef9-7c19-48df-99f3-6c131ef43526","D02","POSE","POSE.AOS.fish.point.02","2017-10-30T15:18Z","2017-11-21T16:56Z","POSE.20171030.02.1.e-fisher",1,3,"RHIATR","Rhinichthys atratulus","species",,,,58,1.3,,,,,"no sample",,,"jcoloso@battelleecology.org",
"f1730a16-1232-4f05-8677-f974dd15b7c3","D02","POSE","POSE.AOS.fish.point.02","2017-10-30T15:18Z","2017-11-21T16:56Z","POSE.20171030.02.1.e-fisher",1,54,"COTBAI1","Cottus bairdii","species",,,,47,1.1,,,,,"no sample",,,"jcoloso@battelleecology.org",
"75be0211-1244-47af-b3e6-ff7cf388d0bd","D02","POSE","POSE.AOS.fish.point.02","2017-10-30T15:18Z","2017-11-21T16:56Z","POSE.20171030.02.1.e-fisher",1,35,"RHIATR","Rhinichthys atratulus","species",,,,53,1.3,,,,,"no sample",,,"jcoloso@battelleecology.org",
"07fcfe4d-055d-4bb7-a48e-6d9b3307bb44","D02","POSE","POSE.AOS.fish.point.02","2017-10-30T15:18Z","2017-11-21T16:56Z","POSE.20171030.02.1.e-fisher",1,57,"ETHFLA","Etheostoma flabellare","species",,,,57,1.5,,,,,"no sample",,,"jcoloso@battelleecology.org",
"0f7a3dfe-9329-4d96-a5d9-a4bae3ce07df","D02","POSE","POSE.AOS.fish.point.02","2017-10-30T15:18Z","2017-11-21T16:56Z","POSE.20171030.02.1.e-fisher",1,36,"COTBAI1","Cottus bairdii","species",,,,49,1.3,,,,,"no sample",,,"jcoloso@battelleecology.org",
"12f8b859-1884-423e-98f6-c81577a5c684","D02","POSE","POSE.AOS.fish.point.02","2017-10-30T15:18Z","2017-11-21T16:56Z","POSE.20171030.02.1.e-fisher",1,53,"RHIATR","Rhinichthys atratulus","species",,,,59,1.6,,,,,"no sample",,,"jcoloso@battelleecology.org",
"2ffa381a-1810-4a8a-ba2c-00da1844efa1","D02","POSE","POSE.AOS.fish.point.02","2017-10-30T15:18Z","2017-11-21T16:56Z","POSE.20171030.02.1.e-fisher",1,34,"RHIATR","Rhinichthys atratulus","species",,,,45,0.5,,,,,"no sample",,,"jcoloso@battelleecology.org",
"d877b846-8479-4070-a7bf-a5c7e91dd19b","D02","POSE","POSE.AOS.fish.point.02","2017-10-30T15:18Z","2017-11-21T16:56Z","POSE.20171030.02.1.e-fisher",1,43,"RHIATR","Rhinichthys atratulus","species",,,,43,0.6,,,,,"no sample",,,"jcoloso@battelleecology.org",
"7f1fb6ac-a15e-4e2f-9823-57014c59d106","D02","POSE","POSE.AOS.fish.point.02","2017-10-30T15:18Z","2017-11-21T16:56Z","POSE.20171030.02.1.e-fisher",1,16,"COTBAI1","Cottus bairdii","species",,,,42,0.7,,,,,"no sample",,,"jcoloso@battelleecology.org",
"33335be5-42c8-47f8-b846-846458f4ffc0","D02","POSE","POSE.AOS.fish.point.02","2017-10-30T15:18Z","2017-11-21T16:56Z","POSE.20171030.02.1.e-fisher",1,47,"ETHFLA","Etheostoma flabellare","species",,,,47,0.7,,,,,"no sample",,,"jcoloso@battelleecology.org",
"acce6dbe-7e39-4a11-8d91-ad4c6bd3709b","D02","POSE","POSE.AOS.fish.point.02","2017-10-30T15:18Z","2017-11-21T16:56Z","POSE.20171030.02.1.e-fisher",1,41,"COTBAI1","Cottus bairdii","species",,,,78,5.5,,,,,"no sample",,,"jcoloso@battelleecology.org",
"d2e4f9a0-1ea0-47bf-ac40-cb38ccb46d4a","D02","POSE","POSE.AOS.fish.point.02","2017-10-30T15:18Z","2017-11-21T16:56Z","POSE.20171030.02.1.e-fisher",1,24,"COTBAI1","Cottus bairdii","species",,,,74,4.6,,,,,"no sample",,,"jcoloso@battelleecology.org",
"15ab8a69-3fe7-41e5-977b-5556ef624a65","D02","POSE","POSE.AOS.fish.point.02","2017-10-30T15:18Z","2017-11-21T16:56Z","POSE.20171030.02.1.e-fisher",1,5,"RHIATR","Rhinichthys atratulus","species",,,,57,1.7,,,,,"no sample",,,"jcoloso@battelleecology.org",
"a7553bd9-8e8e-4313-98b9-4c0e8b011db1","D02","POSE","POSE.AOS.fish.point.02","2017-10-30T15:18Z","2017-11-21T16:56Z","POSE.20171030.02.1.e-fisher",1,51,"RHIATR","Rhinichthys atratulus","species",,,,63,2.2,,,,,"no sample",,,"jcoloso@battelleecology.org",
"8e1ea978-6289-421e-baa3-4758e4177fb9","D02","POSE","POSE.AOS.fish.point.02","2017-10-30T15:18Z","2017-11-21T16:56Z","POSE.20171030.02.1.e-fisher",1,21,"COTBAI1","Cottus bairdii","species",,,,64,3.2,,,,,"no sample",,,"jcoloso@battelleecology.org",
"831d9e3b-33c2-4092-98b4-cec23e486924","D02","POSE","POSE.AOS.fish.point.02","2017-10-30T15:18Z","2017-11-21T16:56Z","POSE.20171030.02.1.e-fisher",1,20,"RHIATR","Rhinichthys atratulus","species",,,,24,0.3,,,,,"no sample",,,"jcoloso@battelleecology.org",
"67121942-8230-4ed9-b1c0-e7ebf60b142c","D02","POSE","POSE.AOS.fish.point.02","2017-10-30T15:18Z","2017-11-21T16:56Z","POSE.20171030.02.1.e-fisher",1,42,"RHIATR","Rhinichthys atratulus","species",,,,63,2.0,,,,,"no sample",,,"jcoloso@battelleecology.org",
"4a8bff2c-5c3e-4db5-b51a-fd68a8ecb57e","D02","POSE","POSE.AOS.fish.point.02","2017-10-30T15:18Z","2017-11-21T16:56Z","POSE.20171030.02.1.e-fisher",1,48,"RHIATR","Rhinichthys atratulus","species",,,,56,1.4,,,,,"no sample",,,"jcoloso@battelleecology.org",
"41672008-89b0-4530-a6dc-7504991ac478","D02","POSE","POSE.AOS.fish.point.02","2017-10-30T15:18Z","2017-11-21T16:56Z","POSE.20171030.02.1.e-fisher",1,25,"COTBAI1","Cottus bairdii","species",,,,4,68.0,,,,,"no sample",,,"jcoloso@battelleecology.org",
"de974c2f-bdb3-416f-a4de-b0449ffc1777","D02","POSE","POSE.AOS.fish.point.02","2017-10-30T15:18Z","2017-11-21T16:56Z","POSE.20171030.02.1.e-fisher",1,13,"RHIATR","Rhinichthys atratulus","species",,,,44,0.6,,,,,"no sample",,,"jcoloso@battelleecology.org",
"7c0435f1-279d-48e5-8dc7-c065aadcf73b","D02","POSE","POSE.AOS.fish.point.02","2017-10-30T15:18Z","2017-11-21T16:56Z","POSE.20171030.02.1.e-fisher",1,27,"RHIATR","Rhinichthys atratulus","species",,,,28,0.3,,,,,"no sample",,,"jcoloso@battelleecology.org",
"0d4835b7-2217-4e70-90b5-5bd87397aa8f","D02","POSE","POSE.AOS.fish.point.02","2017-10-30T15:18Z","2017-11-21T16:56Z","POSE.20171030.02.1.e-fisher",1,2,"RHIATR","Rhinichthys atratulus","species",,,,56,1.3,,,,,"no sample",,,"jcoloso@battelleecology.org",
"6975c870-2b52-40a2-a087-6ff79c034cf1","D02","POSE","POSE.AOS.fish.point.02","2017-10-30T15:18Z","2017-11-21T16:56Z","POSE.20171030.02.1.e-fisher",1,30,"RHIATR","Rhinichthys atratulus","species",,,,45,0.9,,,,,"no sample",,,"jcoloso@battelleecology.org",
"facafa62-65c5-40d1-b9d8-800ce77080f0","D02","POSE","POSE.AOS.fish.point.02","2017-10-30T15:18Z","2017-11-21T16:56Z","POSE.20171030.02.1.e-fisher",1,32,"RHIATR","Rhinichthys atratulus","species",,,,42,0.5,,,,,"no sample",,,"jcoloso@battelleecology.org",
"47454402-abdc-40ba-9506-ac0799165660","D02","POSE","POSE.AOS.fish.point.02","2017-10-30T15:18Z","2017-11-21T16:56Z","POSE.20171030.02.1.e-fisher",1,50,"RHIATR","Rhinichthys atratulus","species",,,,50,1.0,,,,,"no sample",,,"jcoloso@battelleecology.org",
"12fa300d-ea79-4088-a355-3538f91664b7","D02","POSE","POSE.AOS.fish.point.02","2017-10-30T15:18Z","2017-11-21T16:56Z","POSE.20171030.02.1.e-fisher",1,28,"RHIATR","Rhinichthys atratulus","species",,,,20,0.3,,,,,"no sample",,,"jcoloso@battelleecology.org",
"00ae20e1-115d-487f-8d22-7103f70c7751","D02","POSE","POSE.AOS.fish.point.02","2017-10-30T15:18Z","2017-11-21T16:56Z","POSE.20171030.02.1.e-fisher",1,46,"COTBAI1","Cottus bairdii","species",,,,65,2.9,,,,,"no sample",,,"jcoloso@battelleecology.org",
"82706f18-7b13-4c29-9e63-afc2b6e17c69","D02","POSE","POSE.AOS.fish.point.02","2017-10-30T15:18Z","2017-11-21T16:56Z","POSE.20171030.02.1.e-fisher",1,52,"RHIATR","Rhinichthys atratulus","species",,,,27,0.3,,,,,"no sample",,,"jcoloso@battelleecology.org",
"f1a835e1-09cf-4285-a2a3-b2a11bfa82ec","D02","POSE","POSE.AOS.fish.point.02","2017-10-30T15:18Z","2017-11-21T16:56Z","POSE.20171030.02.1.e-fisher",1,45,"COTBAI1","Cottus bairdii","species",,,,46,0.9,,,,,"no sample",,,"jcoloso@battelleecology.org",
"2a08b43c-ac06-4835-8d79-758cd17b7364","D02","POSE","POSE.AOS.fish.point.02","2017-10-30T15:18Z","2017-11-21T16:56Z","POSE.20171030.02.1.e-fisher",1,10,"RHIATR","Rhinichthys atratulus","species",,,,60,1.9,,,,,"no sample",,,"jcoloso@battelleecology.org",
"59be2f34-9621-405d-bf65-3af07f6dee7b","D02","POSE","POSE.AOS.fish.point.02","2017-10-30T15:18Z","2017-11-21T16:56Z","POSE.20171030.02.1.e-fisher",1,22,"ETHFLA","Etheostoma flabellare","species",,,,46,0.8,,,,,"no sample",,,"jcoloso@battelleecology.org",
"45d9709a-29c7-4ae9-a1b9-279a46d881e0","D02","POSE","POSE.AOS.fish.point.02","2017-10-30T15:18Z","2017-11-21T16:56Z","POSE.20171030.02.1.e-fisher",1,60,"RHIATR","Rhinichthys atratulus","species",,,,59,1.5,,,,,"no sample",,,"jcoloso@battelleecology.org",
"b04673b9-6ffe-4392-bff6-ee5fd0eb028b","D02","POSE","POSE.AOS.fish.point.02","2017-10-30T15:18Z","2017-11-21T16:56Z","POSE.20171030.02.1.e-fisher",1,40,"ETHFLA","Etheostoma flabellare","species",,,,57,1.3,,,,,"no sample",,,"jcoloso@battelleecology.org",
"681cd46e-0460-4963-bbf0-fcf9aa93b203","D02","POSE","POSE.AOS.fish.point.02","2017-10-30T15:18Z","2017-11-21T16:56Z","POSE.20171030.02.1.e-fisher",1,39,"COTBAI1","Cottus bairdii","species",,,,37,0.3,,,,,"no sample",,,"jcoloso@battelleecology.org",
"9efd00ee-8a6b-4dea-b0d1-40ae5b8edb92","D02","POSE","POSE.AOS.fish.point.08","2017-11-01T13:13Z","2017-11-01T14:17Z","POSE.20171101.08.1.e-fisher",1,66,"RHIATR","Rhinichthys atratulus","species",,,,,1.4,,,,,"no sample",,,"jcoloso@battelleecology.org",
"f5753dee-5439-4c34-9c64-20313c4dd87e","D02","POSE","POSE.AOS.fish.point.08","2017-11-01T13:13Z","2017-11-01T14:17Z","POSE.20171101.08.1.e-fisher",1,1,"RHIATR","Rhinichthys atratulus","species",,,,50,1.0,,,,,"no sample",,,"jcoloso@battelleecology.org",
"7b77bb66-af0d-49d0-ac56-5f27620e32f4","D02","POSE","POSE.AOS.fish.point.08","2017-11-01T13:13Z","2017-11-01T14:17Z","POSE.20171101.08.1.e-fisher",1,4,"RHIATR","Rhinichthys atratulus","species",,,,49,1.1,,,,,"no sample",,,"jcoloso@battelleecology.org",
"6e012ecb-3f3e-47c9-99ad-c942a7f383d0","D02","POSE","POSE.AOS.fish.point.08","2017-11-01T13:13Z","2017-11-01T14:17Z","POSE.20171101.08.1.e-fisher",1,63,"RHIATR","Rhinichthys atratulus","species",,,,52,1.3,,,,,"no sample",,,"jcoloso@battelleecology.org",
"6516edc7-8f17-48db-9d27-e901dc2fb5cb","D02","POSE","POSE.AOS.fish.point.08","2017-11-01T13:13Z","2017-11-01T14:17Z","POSE.20171101.08.1.e-fisher",1,11,"RHIATR","Rhinichthys atratulus","species",,,,34,0.3,,,,,"no sample",,,"jcoloso@battelleecology.org",
"d84660f2-abcf-4970-8ede-b666917df255","D02","POSE","POSE.AOS.fish.point.08","2017-11-01T13:13Z","2017-11-01T14:17Z","POSE.20171101.08.1.e-fisher",1,30,"RHIATR","Rhinichthys atratulus","species",,,,51,1.0,,,,,"no sample",,,"jcoloso@battelleecology.org",
"c8031072-478c-4c62-8c95-01d06cc2014b","D02","POSE","POSE.AOS.fish.point.08","2017-11-01T13:13Z","2017-11-01T14:17Z","POSE.20171101.08.1.e-fisher",1,68,"COTBAI1","Cottus bairdii","species",,,,54,1.8,,,,,"no sample",,,"jcoloso@battelleecology.org",
"a67ef588-1c82-42e2-92ad-cf69a1173098","D02","POSE","POSE.AOS.fish.point.08","2017-11-01T13:13Z","2017-11-01T14:17Z","POSE.20171101.08.1.e-fisher",1,10,"RHIATR","Rhinichthys atratulus","species",,,,58,1.8,,,,,"no sample",,,"jcoloso@battelleecology.org",
"c2d29192-0051-43d6-8481-cd6e84387099","D02","POSE","POSE.AOS.fish.point.08","2017-11-01T13:13Z","2017-11-01T14:17Z","POSE.20171101.08.1.e-fisher",1,14,"RHIATR","Rhinichthys atratulus","species",,,,59,1.8,,,,,"no sample",,,"jcoloso@battelleecology.org",
"ce060d56-7689-4e94-8d0b-f5c6bfb60a76","D02","POSE","POSE.AOS.fish.point.08","2017-11-01T13:13Z","2017-11-01T14:17Z","POSE.20171101.08.1.e-fisher",1,56,"RHIATR","Rhinichthys atratulus","species",,,,29,0.3,,,,,"no sample",,,"jcoloso@battelleecology.org",
"131e797a-ba84-48ed-8b70-2e6ee611008a","D02","POSE","POSE.AOS.fish.point.08","2017-11-01T13:13Z","2017-11-01T14:17Z","POSE.20171101.08.1.e-fisher",1,40,"RHIATR","Rhinichthys atratulus","species",,,,57,1.6,,,,,"no sample",,,"jcoloso@battelleecology.org",
"02509714-07d2-4697-8200-0b0838cc0910","D02","POSE","POSE.AOS.fish.point.08","2017-11-01T13:13Z","2017-11-01T14:17Z","POSE.20171101.08.1.e-fisher",1,27,"RHIATR","Rhinichthys atratulus","species",,,,54,1.3,,,,,"no sample",,,"jcoloso@battelleecology.org",
"473cc808-2e95-40e1-b3ab-c7a5c473f6da","D02","POSE","POSE.AOS.fish.point.08","2017-11-01T13:13Z","2017-11-01T14:17Z","POSE.20171101.08.1.e-fisher",1,20,"RHIATR","Rhinichthys atratulus","species",,,,59,1.8,,,,,"no sample",,,"jcoloso@battelleecology.org",
"a53f011d-d4e3-4ffa-a344-ea2dc1d8c511","D02","POSE","POSE.AOS.fish.point.08","2017-11-01T13:13Z","2017-11-01T14:17Z","POSE.20171101.08.1.e-fisher",1,23,"COTBAI1","Cottus bairdii","species",,,,69,3.7,,,,,"no sample",,,"jcoloso@battelleecology.org",
"58a0bc9b-1d46-45f2-80cf-4373b56535ed","D02","POSE","POSE.AOS.fish.point.08","2017-11-01T13:13Z","2017-11-01T14:17Z","POSE.20171101.08.1.e-fisher",1,8,"RHIATR","Rhinichthys atratulus","species",,,,24,0.3,,,,,"no sample",,,"jcoloso@battelleecology.org",
"59165b88-f60a-4bcd-a3e6-bd4329deb6a0","D02","POSE","POSE.AOS.fish.point.08","2017-11-01T13:13Z","2017-11-01T14:17Z","POSE.20171101.08.1.e-fisher",1,18,"RHIATR","Rhinichthys atratulus","species",,,,45,0.8,,,,,"no sample",,,"jcoloso@battelleecology.org",
"a3af0c25-29be-4c5e-9a8a-786c9970d5ae","D02","POSE","POSE.AOS.fish.point.08","2017-11-01T13:13Z","2017-11-01T14:17Z","POSE.20171101.08.1.e-fisher",1,19,"RHIATR","Rhinichthys atratulus","species",,,,66,2.8,,,,,"no sample",,,"jcoloso@battelleecology.org",
"cf055e47-ef5d-4bc6-95f3-0de857a92ace","D02","POSE","POSE.AOS.fish.point.08","2017-11-01T13:13Z","2017-11-01T14:17Z","POSE.20171101.08.1.e-fisher",1,6,"RHIATR","Rhinichthys atratulus","species",,,,25,0.3,,,,,"no sample",,,"jcoloso@battelleecology.org",
"63f3b13f-69e4-4b61-8ac1-58a3cd003f99","D02","POSE","POSE.AOS.fish.point.08","2017-11-01T13:13Z","2017-11-01T14:17Z","POSE.20171101.08.1.e-fisher",1,22,"ETHFLA","Etheostoma flabellare","species",,,,37,0.5,,,,,"no sample",,,"jcoloso@battelleecology.org",
"b78f7e91-62d5-4cb8-b4aa-cdc984934a00","D02","POSE","POSE.AOS.fish.point.08","2017-11-01T13:13Z","2017-11-01T14:17Z","POSE.20171101.08.1.e-fisher",1,12,"RHIATR","Rhinichthys atratulus","species",,,,56,1.6,,,,,"no sample",,,"jcoloso@battelleecology.org",
"d080d16b-adf0-4860-a003-b4d7f2e564ee","D02","POSE","POSE.AOS.fish.point.08","2017-11-01T13:13Z","2017-11-01T14:17Z","POSE.20171101.08.1.e-fisher",1,48,"RHIATR","Rhinichthys atratulus","species",,,,38,0.5,,,,,"no sample",,,"jcoloso@battelleecology.org",
"9d9e7c9d-a977-428a-8642-6176cc59cb9d","D02","POSE","POSE.AOS.fish.point.08","2017-11-01T13:13Z","2017-11-01T14:17Z","POSE.20171101.08.1.e-fisher",1,54,"RHIATR","Rhinichthys atratulus","species",,,,55,1.6,,,,,"no sample",,,"jcoloso@battelleecology.org",
"720a2e64-9d5b-473d-a947-ace99fcc2f72","D02","POSE","POSE.AOS.fish.point.08","2017-11-01T13:13Z","2017-11-01T14:17Z","POSE.20171101.08.1.e-fisher",1,52,"RHIATR","Rhinichthys atratulus","species",,,,53,1.5,,,,,"no sample",,,"jcoloso@battelleecology.org",
"cfdcdfe5-d781-4fc1-830b-bf6ee2b1864e","D02","POSE","POSE.AOS.fish.point.08","2017-11-01T13:13Z","2017-11-01T14:17Z","POSE.20171101.08.1.e-fisher",1,45,"RHIATR","Rhinichthys atratulus","species",,,,64,2.7,,,,,"no sample",,,"jcoloso@battelleecology.org",
"a93db8f8-73c3-4c7a-a8d6-c4b0699bca18","D02","POSE","POSE.AOS.fish.point.08","2017-11-01T13:13Z","2017-11-01T14:17Z","POSE.20171101.08.1.e-fisher",1,29,"COTBAI1","Cottus bairdii","species",,,,70,4.5,,,,,"no sample",,,"jcoloso@battelleecology.org",
"814df620-e05b-4418-9706-010b8165cd39","D02","POSE","POSE.AOS.fish.point.08","2017-11-01T13:13Z","2017-11-01T14:17Z","POSE.20171101.08.1.e-fisher",1,64,"RHIATR","Rhinichthys atratulus","species",,,,56,1.8,,,,,"no sample",,,"jcoloso@battelleecology.org",
"0d2c7b7d-0221-4e01-ba6a-35e4c7548e0e","D02","POSE","POSE.AOS.fish.point.08","2017-11-01T13:13Z","2017-11-01T14:17Z","POSE.20171101.08.1.e-fisher",1,46,"RHIATR","Rhinichthys atratulus","species",,,,48,0.9,,,,,"no sample",,,"jcoloso@battelleecology.org",
"20fec701-2707-471e-9815-197e0bd22dce","D02","POSE","POSE.AOS.fish.point.08","2017-11-01T13:13Z","2017-11-01T14:17Z","POSE.20171101.08.1.e-fisher",1,67,"RHIATR","Rhinichthys atratulus","species",,,,32,0.3,,"Y",,,"voucher sample only","FSH.POSE.08.20171101.1.0067",,"jcoloso@battelleecology.org","Head missing- squished"
"ab6bcd4c-be23-46af-966f-b69c2f04a648","D02","POSE","POSE.AOS.fish.point.08","2017-11-01T13:13Z","2017-11-01T14:17Z","POSE.20171101.08.1.e-fisher",1,15,"SEMATR","Semotilus atromaculatus","species",,,,99,8.2,,,,,"no sample",,,"jcoloso@battelleecology.org",
"1333dd26-8030-4f6d-b862-e950003cb54a","D02","POSE","POSE.AOS.fish.point.08","2017-11-01T13:13Z","2017-11-01T14:17Z","POSE.20171101.08.1.e-fisher",1,65,"RHIATR","Rhinichthys atratulus","species",,,,29,0.3,,,,,"no sample",,,"jcoloso@battelleecology.org",
"43b6143d-c144-43af-ad29-256700ad2ef8","D02","POSE","POSE.AOS.fish.point.08","2017-11-01T13:13Z","2017-11-01T14:17Z","POSE.20171101.08.1.e-fisher",1,37,"RHIATR","Rhinichthys atratulus","species",,,,61,2.1,,,,,"no sample",,,"jcoloso@battelleecology.org",
"454b9958-c492-496d-8bd3-b7d16993f256","D02","POSE","POSE.AOS.fish.point.08","2017-11-01T13:13Z","2017-11-01T14:17Z","POSE.20171101.08.1.e-fisher",1,51,"RHIATR","Rhinichthys atratulus","species",,,,25,0.3,,,,,"no sample",,,"jcoloso@battelleecology.org",
"d3214122-84e0-4744-9307-06a2284eff26","D02","POSE","POSE.AOS.fish.point.08","2017-11-01T13:13Z","2017-11-01T14:17Z","POSE.20171101.08.1.e-fisher",1,3,"RHIATR","Rhinichthys atratulus","species",,,,77,4.7,,,,,"no sample",,,"jcoloso@battelleecology.org",
"ea904863-4e2b-40e9-8d93-4be74f5eb531","D02","POSE","POSE.AOS.fish.point.08","2017-11-01T13:13Z","2017-11-01T14:17Z","POSE.20171101.08.1.e-fisher",1,7,"RHIATR","Rhinichthys atratulus","species",,,,36,0.5,,,,,"no sample",,,"jcoloso@battelleecology.org",
"89e92824-2e54-4771-a428-c2a4aee10b2b","D02","POSE","POSE.AOS.fish.point.08","2017-11-01T13:13Z","2017-11-01T14:17Z","POSE.20171101.08.1.e-fisher",1,49,"RHIATR","Rhinichthys atratulus","species",,,,52,1.2,,,,,"no sample",,,"jcoloso@battelleecology.org",
"8e914c93-d79b-455e-b748-8a4b1ab34053","D02","POSE","POSE.AOS.fish.point.08","2017-11-01T13:13Z","2017-11-01T14:17Z","POSE.20171101.08.1.e-fisher",1,35,"RHIATR","Rhinichthys atratulus","species",,,,64,2.6,,,,,"no sample",,,"jcoloso@battelleecology.org",
"4d8256db-5031-4cc6-bdee-701c8cbe0cf4","D02","POSE","POSE.AOS.fish.point.08","2017-11-01T13:13Z","2017-11-01T14:17Z","POSE.20171101.08.1.e-fisher",1,41,"RHIATR","Rhinichthys atratulus","species",,,,42,0.6,,,,,"no sample",,,"jcoloso@battelleecology.org",
"de6a3133-e3aa-4604-972b-441986cfe329","D02","POSE","POSE.AOS.fish.point.08","2017-11-01T13:13Z","2017-11-01T14:17Z","POSE.20171101.08.1.e-fisher",1,59,"RHIATR","Rhinichthys atratulus","species",,,,55,1.6,,,,,"no sample",,,"jcoloso@battelleecology.org",
"cb8122d5-fea0-45d2-addb-cb7aa2f66934","D02","POSE","POSE.AOS.fish.point.08","2017-11-01T13:13Z","2017-11-01T14:17Z","POSE.20171101.08.1.e-fisher",1,57,"RHIATR","Rhinichthys atratulus","species",,,,52,1.3,,,,,"no sample",,,"jcoloso@battelleecology.org",
"d660c911-3ad5-4466-8f2c-b86587616c02","D02","POSE","POSE.AOS.fish.point.08","2017-11-01T13:13Z","2017-11-01T14:17Z","POSE.20171101.08.1.e-fisher",1,44,"RHIATR","Rhinichthys atratulus","species",,,,56,1.9,,,,,"no sample",,,"jcoloso@battelleecology.org",
"94ece97d-af1c-47f4-9a9b-6c42f7c034b6","D02","POSE","POSE.AOS.fish.point.08","2017-11-01T13:13Z","2017-11-01T14:17Z","POSE.20171101.08.1.e-fisher",1,13,"RHIATR","Rhinichthys atratulus","species",,,,23,0.3,,"Y",,,"voucher sample only","FSH.POSE.08.20171101.1.0013",,"jcoloso@battelleecology.org",
"34e18c99-60ef-45bc-927f-dd447822b278","D02","POSE","POSE.AOS.fish.point.08","2017-11-01T13:13Z","2017-11-01T14:17Z","POSE.20171101.08.1.e-fisher",1,21,"RHIATR","Rhinichthys atratulus","species",,,,38,0.5,,,,,"no sample",,,"jcoloso@battelleecology.org",
"38f17123-e049-4ea2-bbf4-c65d90b3c536","D02","POSE","POSE.AOS.fish.point.08","2017-11-01T13:13Z","2017-11-01T14:17Z","POSE.20171101.08.1.e-fisher",1,60,"RHIATR","Rhinichthys atratulus","species",,,,57,1.6,,,,,"no sample",,,"jcoloso@battelleecology.org",
"7f9ce757-7248-4655-8e4d-2c03a48b89f0","D02","POSE","POSE.AOS.fish.point.08","2017-11-01T13:13Z","2017-11-01T14:17Z","POSE.20171101.08.1.e-fisher",1,39,"RHIATR","Rhinichthys atratulus","species",,,,58,1.8,,,,,"no sample",,,"jcoloso@battelleecology.org",
"f6cfc6d5-9a12-4292-949d-c49d03804098","D02","POSE","POSE.AOS.fish.point.08","2017-11-01T13:13Z","2017-11-01T14:17Z","POSE.20171101.08.1.e-fisher",1,9,"RHIATR","Rhinichthys atratulus","species",,,,71,3.9,,,,,"no sample",,,"jcoloso@battelleecology.org",
"479ef3e9-1bae-4c4e-a344-6d996e0ab34e","D02","POSE","POSE.AOS.fish.point.08","2017-11-01T13:13Z","2017-11-01T14:17Z","POSE.20171101.08.1.e-fisher",1,17,"RHIATR","Rhinichthys atratulus","species",,,,61,2.2,,,,,"no sample",,,"jcoloso@battelleecology.org",
"fca30e1b-528d-44d1-bead-d8b4fc569d3e","D02","POSE","POSE.AOS.fish.point.08","2017-11-01T13:13Z","2017-11-01T14:17Z","POSE.20171101.08.1.e-fisher",1,25,"RHIATR","Rhinichthys atratulus","species",,,,57,1.9,,,,,"no sample",,,"jcoloso@battelleecology.org",
"01f378c3-f2c0-4c19-a025-5171945f5279","D02","POSE","POSE.AOS.fish.point.08","2017-11-01T13:13Z","2017-11-01T14:17Z","POSE.20171101.08.1.e-fisher",1,53,"SEMATR","Semotilus atromaculatus","species",,,,29,0.3,,,,,"no sample",,,"jcoloso@battelleecology.org",
"e30d569f-e7f8-4159-aecf-116c3e99cf17","D02","POSE","POSE.AOS.fish.point.08","2017-11-01T13:13Z","2017-11-01T14:17Z","POSE.20171101.08.1.e-fisher",1,55,"COTBAI1","Cottus bairdii","species",,,,71,4.2,,,,,"no sample",,,"jcoloso@battelleecology.org",
"7366ee6f-d743-4b8d-9c3a-1ba346acf208","D02","POSE","POSE.AOS.fish.point.08","2017-11-01T13:13Z","2017-11-01T14:17Z","POSE.20171101.08.1.e-fisher",1,50,"SEMATR","Semotilus atromaculatus","species",,,,102,9.8,,,,,"no sample",,,"jcoloso@battelleecology.org",
"6f507fbb-caef-4728-8e3f-4ba9daa28979","D02","POSE","POSE.AOS.fish.point.08","2017-11-01T13:13Z","2017-11-01T14:17Z","POSE.20171101.08.1.e-fisher",1,47,"RHIATR","Rhinichthys atratulus","species",,,,47,1.0,,,,,"no sample",,,"jcoloso@battelleecology.org",
"931f07c3-2c58-4334-bdc7-d5e611a69ea3","D02","POSE","POSE.AOS.fish.point.08","2017-11-01T13:13Z","2017-11-01T14:17Z","POSE.20171101.08.1.e-fisher",1,43,"RHIATR","Rhinichthys atratulus","species",,,,50,1.2,,,,,"no sample",,,"jcoloso@battelleecology.org",
"3e3e4127-eef1-4329-bc1e-50753f8bdc99","D02","POSE","POSE.AOS.fish.point.08","2017-11-01T13:13Z","2017-11-01T14:17Z","POSE.20171101.08.1.e-fisher",1,31,"RHIATR","Rhinichthys atratulus","species",,,,54,1.5,,,,,"no sample",,,"jcoloso@battelleecology.org",
"8f2258ff-859e-4810-af6b-a1985cc632ae","D02","POSE","POSE.AOS.fish.point.08","2017-11-01T13:13Z","2017-11-01T14:17Z","POSE.20171101.08.1.e-fisher",1,61,"RHIATR","Rhinichthys atratulus","species",,,,55,0.9,,,,,"no sample",,,"jcoloso@battelleecology.org",
"2adc8766-6a35-4d9c-914c-cef976accbc4","D02","POSE","POSE.AOS.fish.point.08","2017-11-01T13:13Z","2017-11-01T14:17Z","POSE.20171101.08.1.e-fisher",1,5,"RHIATR","Rhinichthys atratulus","species",,,,49,1.0,,,,,"no sample",,,"jcoloso@battelleecology.org",
"8bda49a1-8875-4a85-a111-f8d1b2b48f0b","D02","POSE","POSE.AOS.fish.point.08","2017-11-01T13:13Z","2017-11-01T14:17Z","POSE.20171101.08.1.e-fisher",1,26,"RHIATR","Rhinichthys atratulus","species",,,,40,0.5,,,,,"no sample",,,"jcoloso@battelleecology.org",
"1903d4c6-7793-485f-8ee7-8c45f8221ffd","D02","POSE","POSE.AOS.fish.point.08","2017-11-01T13:13Z","2017-11-01T14:17Z","POSE.20171101.08.1.e-fisher",1,38,"COTBAI1","Cottus bairdii","species",,,,46,1.0,,,,,"no sample",,,"jcoloso@battelleecology.org",
"619839c5-e4e1-4ba6-8029-b84a16ced253","D02","POSE","POSE.AOS.fish.point.08","2017-11-01T13:13Z","2017-11-01T14:17Z","POSE.20171101.08.1.e-fisher",1,32,"RHIATR","Rhinichthys atratulus","species",,,,23,0.3,,,,,"no sample",,,"jcoloso@battelleecology.org",
"6123674b-7c13-4601-9fba-549269e18eb5","D02","POSE","POSE.AOS.fish.point.08","2017-11-01T13:13Z","2017-11-01T14:17Z","POSE.20171101.08.1.e-fisher",1,34,"RHIATR","Rhinichthys atratulus","species",,,,56,1.8,,,,,"no sample",,,"jcoloso@battelleecology.org",
"2db4f038-e689-4f48-97a4-a96a64a3ed17","D02","POSE","POSE.AOS.fish.point.08","2017-11-01T13:13Z","2017-11-01T14:17Z","POSE.20171101.08.1.e-fisher",1,58,"RHIATR","Rhinichthys atratulus","species",,,,52,1.2,,,,,"no sample",,,"jcoloso@battelleecology.org",
"114d6b52-3205-43c8-bbde-cd875a1f07d4","D02","POSE","POSE.AOS.fish.point.08","2017-11-01T13:13Z","2017-11-01T14:17Z","POSE.20171101.08.1.e-fisher",1,36,"RHIATR","Rhinichthys atratulus","species",,,,49,1.1,,,,,"no sample",,,"jcoloso@battelleecology.org",
"9f5758f4-9b3e-4c3a-aeab-bef3564b56cd","D02","POSE","POSE.AOS.fish.point.08","2017-11-01T13:13Z","2017-11-01T14:17Z","POSE.20171101.08.1.e-fisher",1,24,"COTBAI1","Cottus bairdii","species",,,,24,0.3,,,,,"no sample",,,"jcoloso@battelleecology.org",
"88ed8dfb-e24f-4864-a86c-18a617dbcb9d","D02","POSE","POSE.AOS.fish.point.08","2017-11-01T13:13Z","2017-11-01T14:17Z","POSE.20171101.08.1.e-fisher",1,62,"RHIATR","Rhinichthys atratulus","species",,,,50,0.8,,,,,"no sample",,,"jcoloso@battelleecology.org",
"eed0956f-993c-46fe-95b4-2ab87606d61b","D02","POSE","POSE.AOS.fish.point.08","2017-11-01T13:13Z","2017-11-01T14:17Z","POSE.20171101.08.1.e-fisher",1,28,"RHIATR","Rhinichthys atratulus","species",,,,27,0.3,,,,,"no sample",,,"jcoloso@battelleecology.org",
"06159b01-9bb6-4f19-a559-01b21e590870","D02","POSE","POSE.AOS.fish.point.08","2017-11-01T13:13Z","2017-11-01T14:17Z","POSE.20171101.08.1.e-fisher",1,42,"RHIATR","Rhinichthys atratulus","species",,,,55,1.7,,,,,"no sample",,,"jcoloso@battelleecology.org",
"854093ab-2498-46ac-8a3f-fb1fbb2e24ab","D02","POSE","POSE.AOS.fish.point.08","2017-11-01T13:13Z","2017-11-01T14:17Z","POSE.20171101.08.1.e-fisher",1,16,"RHIATR","Rhinichthys atratulus","species",,,,60,2.0,,,,,"no sample",,,"jcoloso@battelleecology.org",
"fa94752d-d7d8-464a-bff8-07ac0a1056db","D02","POSE","POSE.AOS.fish.point.08","2017-11-01T13:13Z","2017-11-01T14:17Z","POSE.20171101.08.1.e-fisher",1,33,"RHIATR","Rhinichthys atratulus","species",,,,61,3.5,,,,,"no sample",,,"jcoloso@battelleecology.org",
"e5adc2eb-9e69-41ba-b8cb-08d8a0d476d2","D02","POSE","POSE.AOS.fish.point.08","2017-11-01T13:13Z","2017-11-01T14:17Z","POSE.20171101.08.1.e-fisher",1,2,"RHIATR","Rhinichthys atratulus","species",,,,65,3.1,,,,,"no sample",,,"jcoloso@battelleecology.org",
"c26d6413-ffa2-4d69-9042-e3edfac7ffed","D02","POSE","POSE.AOS.fish.point.09","2017-11-01T15:39Z","2017-11-01T16:15Z","POSE.20171101.09.1.e-fisher",1,47,"COTBAI1","Cottus bairdii","species",,,,49,1.4,,,,,"no sample",,,"jcoloso@battelleecology.org",
"b80f0279-4377-490c-86f7-b798c0d5955f","D02","POSE","POSE.AOS.fish.point.09","2017-11-01T15:39Z","2017-11-01T16:15Z","POSE.20171101.09.1.e-fisher",1,60,"SEMATR","Semotilus atromaculatus","species",,,,30,0.3,,,,,"no sample",,,"jcoloso@battelleecology.org",
"275bc929-5e4a-4b34-a1d8-bdd60eb000d1","D02","POSE","POSE.AOS.fish.point.09","2017-11-01T15:39Z","2017-11-01T16:15Z","POSE.20171101.09.1.e-fisher",1,37,"RHIATR","Rhinichthys atratulus","species",,,,25,0.3,,,,,"no sample",,,"jcoloso@battelleecology.org",
"1d2a8195-22ce-4c38-ab12-41e1bbeabfa3","D02","POSE","POSE.AOS.fish.point.09","2017-11-01T15:39Z","2017-11-01T16:15Z","POSE.20171101.09.1.e-fisher",1,42,"RHIATR","Rhinichthys atratulus","species",,,,58,2.2,,,,,"no sample",,,"jcoloso@battelleecology.org",
"37023da8-c473-4d71-9037-de2e302a3e18","D02","POSE","POSE.AOS.fish.point.09","2017-11-01T15:39Z","2017-11-01T16:15Z","POSE.20171101.09.1.e-fisher",1,9,"RHIATR","Rhinichthys atratulus","species",,,,34,0.3,,,,,"no sample",,,"jcoloso@battelleecology.org",
"d8316c0f-1611-4600-bf9e-d5bbc06f1362","D02","POSE","POSE.AOS.fish.point.09","2017-11-01T15:39Z","2017-11-01T16:15Z","POSE.20171101.09.1.e-fisher",1,54,"RHIATR","Rhinichthys atratulus","species",,,,51,1.2,,,,,"no sample",,,"jcoloso@battelleecology.org",
"28b85053-3d07-4ac1-979b-c8d812bdc4f2","D02","POSE","POSE.AOS.fish.point.09","2017-11-01T15:39Z","2017-11-01T16:15Z","POSE.20171101.09.1.e-fisher",1,43,"RHIATR","Rhinichthys atratulus","species",,,,55,1.5,,,,,"no sample",,,"jcoloso@battelleecology.org",
"64a1a160-edd2-4011-8988-a4d11da822fb","D02","POSE","POSE.AOS.fish.point.09","2017-11-01T15:39Z","2017-11-01T16:15Z","POSE.20171101.09.1.e-fisher",1,32,"RHIATR","Rhinichthys atratulus","species",,,,40,0.6,,,,,"no sample",,,"jcoloso@battelleecology.org",
"3cae231f-ef80-4f34-845a-5e4509844184","D02","POSE","POSE.AOS.fish.point.09","2017-11-01T15:39Z","2017-11-01T16:15Z","POSE.20171101.09.1.e-fisher",1,16,"RHIATR","Rhinichthys atratulus","species",,,,56,1.3,,,,,"no sample",,,"jcoloso@battelleecology.org",
"d8f482d5-b0a6-4226-a8cf-b05b2a110d2b","D02","POSE","POSE.AOS.fish.point.09","2017-11-01T15:39Z","2017-11-01T16:15Z","POSE.20171101.09.1.e-fisher",1,15,"RHIATR","Rhinichthys atratulus","species",,,,24,0.3,,,,,"no sample",,,"jcoloso@battelleecology.org",
"284093aa-d9ec-469c-a2ea-c26dd52dd365","D02","POSE","POSE.AOS.fish.point.09","2017-11-01T15:39Z","2017-11-01T16:15Z","POSE.20171101.09.1.e-fisher",1,24,"RHIATR","Rhinichthys atratulus","species",,,,53,1.3,,,,,"no sample",,,"jcoloso@battelleecology.org",
"6d5d2c1d-031b-4c7d-9833-8e6ca96d23d6","D02","POSE","POSE.AOS.fish.point.09","2017-11-01T15:39Z","2017-11-01T16:15Z","POSE.20171101.09.1.e-fisher",1,41,"RHIATR","Rhinichthys atratulus","species",,,,43,0.8,,,,,"no sample",,,"jcoloso@battelleecology.org",
"cd859416-f29d-47df-baee-d7ef3bbc3f72","D02","POSE","POSE.AOS.fish.point.09","2017-11-01T15:39Z","2017-11-01T16:15Z","POSE.20171101.09.1.e-fisher",1,27,"RHIATR","Rhinichthys atratulus","species",,,,57,1.8,,,,,"no sample",,,"jcoloso@battelleecology.org",
"4b59a8ab-c087-4259-943d-8954e59783c2","D02","POSE","POSE.AOS.fish.point.09","2017-11-01T15:39Z","2017-11-01T16:15Z","POSE.20171101.09.1.e-fisher",1,33,"RHIATR","Rhinichthys atratulus","species",,,,56,1.5,,,,,"no sample",,,"jcoloso@battelleecology.org",
"02509cb8-c5c6-492d-b27d-24a1e7e2c07b","D02","POSE","POSE.AOS.fish.point.09","2017-11-01T15:39Z","2017-11-01T16:15Z","POSE.20171101.09.1.e-fisher",1,6,"RHIATR","Rhinichthys atratulus","species",,,,45,0.7,,,,,"no sample",,,"jcoloso@battelleecology.org",
"5e5c9f2a-e5b9-4b8f-9afb-cfe4ad7170e9","D02","POSE","POSE.AOS.fish.point.09","2017-11-01T15:39Z","2017-11-01T16:15Z","POSE.20171101.09.1.e-fisher",1,2,"RHIATR","Rhinichthys atratulus","species",,,,70,3.0,,,,,"no sample",,,"jcoloso@battelleecology.org",
"758b2cf3-3ee9-4401-9e1f-2ed05152754b","D02","POSE","POSE.AOS.fish.point.09","2017-11-01T15:39Z","2017-11-01T16:15Z","POSE.20171101.09.1.e-fisher",1,40,"RHIATR","Rhinichthys atratulus","species",,,,58,2.2,,,,,"no sample",,,"jcoloso@battelleecology.org",
"bdefef65-5b72-42b2-b3dc-e88077fa1ea2","D02","POSE","POSE.AOS.fish.point.09","2017-11-01T15:39Z","2017-11-01T16:15Z","POSE.20171101.09.1.e-fisher",1,52,"COTBAI1","Cottus bairdii","species",,,,57,2.5,,,,,"no sample",,,"jcoloso@battelleecology.org",
"bfb0df51-55de-4553-9a4c-771301b39359","D02","POSE","POSE.AOS.fish.point.09","2017-11-01T15:39Z","2017-11-01T16:15Z","POSE.20171101.09.1.e-fisher",1,61,"COTBAI1","Cottus bairdii","species",,,,30,0.3,,,,,"no sample",,,"jcoloso@battelleecology.org",
"7dcd5e5d-d639-4a77-a29e-30cc9106e45a","D02","POSE","POSE.AOS.fish.point.09","2017-11-01T15:39Z","2017-11-01T16:15Z","POSE.20171101.09.1.e-fisher",1,19,"RHIATR","Rhinichthys atratulus","species",,,,59,2.0,,,,,"no sample",,,"jcoloso@battelleecology.org",
"3ecd0a00-d447-4932-8627-c4395eb6cf9f","D02","POSE","POSE.AOS.fish.point.09","2017-11-01T15:39Z","2017-11-01T16:15Z","POSE.20171101.09.1.e-fisher",1,35,"RHIATR","Rhinichthys atratulus","species",,,,58,1.6,,,,,"no sample",,,"jcoloso@battelleecology.org",
"37c5d691-d2d7-491d-9f67-4e2a5b7f0aa8","D02","POSE","POSE.AOS.fish.point.09","2017-11-01T15:39Z","2017-11-01T16:15Z","POSE.20171101.09.1.e-fisher",1,11,"RHIATR","Rhinichthys atratulus","species",,,,32,0.3,,,,,"no sample",,,"jcoloso@battelleecology.org",
"08d42fbc-fbb1-4063-b4f8-6332d119fdf3","D02","POSE","POSE.AOS.fish.point.09","2017-11-01T15:39Z","2017-11-01T16:15Z","POSE.20171101.09.1.e-fisher",1,49,"RHIATR","Rhinichthys atratulus","species",,,,59,2.0,,,,,"no sample",,,"jcoloso@battelleecology.org",
"ccf56ad0-1861-43ad-b383-17e2a186fcbb","D02","POSE","POSE.AOS.fish.point.09","2017-11-01T15:39Z","2017-11-01T16:15Z","POSE.20171101.09.1.e-fisher",1,44,"RHIATR","Rhinichthys atratulus","species",,,,55,1.8,,,,,"no sample",,,"jcoloso@battelleecology.org",
"a2a46151-c64b-4772-bd3a-907ce6358ea0","D02","POSE","POSE.AOS.fish.point.09","2017-11-01T15:39Z","2017-11-01T16:15Z","POSE.20171101.09.1.e-fisher",1,23,"RHIATR","Rhinichthys atratulus","species",,,,56,1.5,,,,,"no sample",,,"jcoloso@battelleecology.org",
"bd53c94a-dc6f-4092-8a23-e0cb36c580bb","D02","POSE","POSE.AOS.fish.point.09","2017-11-01T15:39Z","2017-11-01T16:15Z","POSE.20171101.09.1.e-fisher",1,29,"RHIATR","Rhinichthys atratulus","species",,,,42,0.6,,,,,"no sample",,,"jcoloso@battelleecology.org",
"be2153b9-8dce-467f-be8b-d791d8510d83","D02","POSE","POSE.AOS.fish.point.09","2017-11-01T15:39Z","2017-11-01T16:15Z","POSE.20171101.09.1.e-fisher",1,10,"RHIATR","Rhinichthys atratulus","species",,,,40,0.6,,,,,"no sample",,,"jcoloso@battelleecology.org",
"c55edfc9-e992-410b-90a7-0e3c5a5dad51","D02","POSE","POSE.AOS.fish.point.09","2017-11-01T15:39Z","2017-11-01T16:15Z","POSE.20171101.09.1.e-fisher",1,7,"RHIATR","Rhinichthys atratulus","species",,,,42,0.6,,,,,"no sample",,,"jcoloso@battelleecology.org",
"7154b4b4-7f64-4b63-91a6-8dd666138a4d","D02","POSE","POSE.AOS.fish.point.09","2017-11-01T15:39Z","2017-11-01T16:15Z","POSE.20171101.09.1.e-fisher",1,14,"RHIATR","Rhinichthys atratulus","species",,,,27,0.3,,,,,"no sample",,,"jcoloso@battelleecology.org",
"f9396b0e-2732-45dd-8199-8d449e170937","D02","POSE","POSE.AOS.fish.point.09","2017-11-01T15:39Z","2017-11-01T16:15Z","POSE.20171101.09.1.e-fisher",1,17,"RHIATR","Rhinichthys atratulus","species",,,,42,0.7,,,,,"no sample",,,"jcoloso@battelleecology.org",
"33afaa31-daa0-4c3e-9bc6-0967ecdc50a5","D02","POSE","POSE.AOS.fish.point.09","2017-11-01T15:39Z","2017-11-01T16:15Z","POSE.20171101.09.1.e-fisher",1,57,"COTBAI1","Cottus bairdii","species",,,,58,2.4,,,,,"no sample",,,"jcoloso@battelleecology.org",
"be5fa392-f841-4934-85d8-9d1a8fbf167c","D02","POSE","POSE.AOS.fish.point.09","2017-11-01T15:39Z","2017-11-01T16:15Z","POSE.20171101.09.1.e-fisher",1,30,"RHIATR","Rhinichthys atratulus","species",,,,58,1.6,,,,,"no sample",,,"jcoloso@battelleecology.org",
"fd8a8e3b-9f8a-4d06-8fc7-71cd25147c57","D02","POSE","POSE.AOS.fish.point.09","2017-11-01T15:39Z","2017-11-01T16:15Z","POSE.20171101.09.1.e-fisher",1,51,"COTBAI1","Cottus bairdii","species",,,,77,5.3,,,,,"no sample",,,"jcoloso@battelleecology.org",
"9a1a2d71-439f-470f-8a1c-16fea753ce84","D02","POSE","POSE.AOS.fish.point.09","2017-11-01T15:39Z","2017-11-01T16:15Z","POSE.20171101.09.1.e-fisher",1,3,"RHIATR","Rhinichthys atratulus","species",,,,50,1.1,,,,,"no sample",,,"jcoloso@battelleecology.org",
"3f7890a8-ccb0-4340-8451-41f551d5d383","D02","POSE","POSE.AOS.fish.point.09","2017-11-01T15:39Z","2017-11-01T16:15Z","POSE.20171101.09.1.e-fisher",1,38,"RHIATR","Rhinichthys atratulus","species",,,,60,1.7,,,,,"no sample",,,"jcoloso@battelleecology.org",
"28368e08-4c7c-41a9-9e4f-dac244dd7b23","D02","POSE","POSE.AOS.fish.point.09","2017-11-01T15:39Z","2017-11-01T16:15Z","POSE.20171101.09.1.e-fisher",1,22,"RHIATR","Rhinichthys atratulus","species",,,,56,1.7,,,,,"no sample",,,"jcoloso@battelleecology.org",
"22006bc9-1c56-4b45-b228-968308c7323b","D02","POSE","POSE.AOS.fish.point.09","2017-11-01T15:39Z","2017-11-01T16:15Z","POSE.20171101.09.1.e-fisher",1,18,"RHIATR","Rhinichthys atratulus","species",,,,55,1.5,,,,,"no sample",,,"jcoloso@battelleecology.org",
"de786eae-7cf0-430b-abee-886741291855","D02","POSE","POSE.AOS.fish.point.09","2017-11-01T15:39Z","2017-11-01T16:15Z","POSE.20171101.09.1.e-fisher",1,28,"RHIATR","Rhinichthys atratulus","species",,,,47,1.0,,,,,"no sample",,,"jcoloso@battelleecology.org",
"6392bb40-b309-4144-8447-fa4be1436cb3","D02","POSE","POSE.AOS.fish.point.09","2017-11-01T15:39Z","2017-11-01T16:15Z","POSE.20171101.09.1.e-fisher",1,46,"COTBAI1","Cottus bairdii","species",,,,62,1.6,,,,,"no sample",,,"jcoloso@battelleecology.org",
"e3170531-2a65-45e3-bed2-5973a87d5f88","D02","POSE","POSE.AOS.fish.point.09","2017-11-01T15:39Z","2017-11-01T16:15Z","POSE.20171101.09.1.e-fisher",1,4,"RHIATR","Rhinichthys atratulus","species",,,,44,0.5,,,,,"no sample",,,"jcoloso@battelleecology.org",
"578cbac3-19a2-4eb2-acf0-8adaa952adb7","D02","POSE","POSE.AOS.fish.point.09","2017-11-01T15:39Z","2017-11-01T16:15Z","POSE.20171101.09.1.e-fisher",1,1,"RHIATR","Rhinichthys atratulus","species",,,,41,0.7,,,,,"no sample",,,"jcoloso@battelleecology.org",
"fb199bf2-4cea-4136-a4a5-9091159c991a","D02","POSE","POSE.AOS.fish.point.09","2017-11-01T15:39Z","2017-11-01T16:15Z","POSE.20171101.09.1.e-fisher",1,34,"RHIATR","Rhinichthys atratulus","species",,,,60,1.8,,,,,"no sample",,,"jcoloso@battelleecology.org",
"10e513a3-8033-4e8f-9712-6ac901e08fc2","D02","POSE","POSE.AOS.fish.point.09","2017-11-01T15:39Z","2017-11-01T16:15Z","POSE.20171101.09.1.e-fisher",1,8,"RHIATR","Rhinichthys atratulus","species",,,,43,0.5,,,,,"no sample",,,"jcoloso@battelleecology.org",
"dec65499-19d0-4e48-86a9-268a0517857b","D02","POSE","POSE.AOS.fish.point.09","2017-11-01T15:39Z","2017-11-01T16:15Z","POSE.20171101.09.1.e-fisher",1,56,"RHIATR","Rhinichthys atratulus","species",,,,62,2.2,,,,,"no sample",,,"jcoloso@battelleecology.org",
"cf8adcc0-1af8-4fc5-89a3-f7ac6277923f","D02","POSE","POSE.AOS.fish.point.09","2017-11-01T15:39Z","2017-11-01T16:15Z","POSE.20171101.09.1.e-fisher",1,39,"RHIATR","Rhinichthys atratulus","species",,,,54,1.4,,,,,"no sample",,,"jcoloso@battelleecology.org",
"3d9bc19b-bd98-4f85-98dc-b0c124dcba47","D02","POSE","POSE.AOS.fish.point.09","2017-11-01T15:39Z","2017-11-01T16:15Z","POSE.20171101.09.1.e-fisher",1,36,"RHIATR","Rhinichthys atratulus","species",,,,25,0.3,,,,,"no sample",,,"jcoloso@battelleecology.org",
"25e98250-4265-4e93-8a94-f08f604bf8d7","D02","POSE","POSE.AOS.fish.point.09","2017-11-01T15:39Z","2017-11-01T16:15Z","POSE.20171101.09.1.e-fisher",1,12,"RHIATR","Rhinichthys atratulus","species",,,,30,0.6,,,,,"no sample",,,"jcoloso@battelleecology.org",
"42f35cfb-614e-4eed-b034-0dfc157a4852","D02","POSE","POSE.AOS.fish.point.09","2017-11-01T15:39Z","2017-11-01T16:15Z","POSE.20171101.09.1.e-fisher",1,25,"RHIATR","Rhinichthys atratulus","species",,,,31,0.3,,,,,"no sample",,,"jcoloso@battelleecology.org",
"152fbd8c-833c-4c69-81dc-8e5605fa5038","D02","POSE","POSE.AOS.fish.point.09","2017-11-01T15:39Z","2017-11-01T16:15Z","POSE.20171101.09.1.e-fisher",1,26,"RHIATR","Rhinichthys atratulus","species",,,,46,0.9,,,,,"no sample",,,"jcoloso@battelleecology.org",
"0469794b-8162-4de3-8996-f5d9ee95dcac","D02","POSE","POSE.AOS.fish.point.09","2017-11-01T15:39Z","2017-11-01T16:15Z","POSE.20171101.09.1.e-fisher",1,55,"COTBAI1","Cottus bairdii","species",,,,60,2.4,,,,,"no sample",,,"jcoloso@battelleecology.org",
"c29cc189-aa38-4445-bbba-383d52a18270","D02","POSE","POSE.AOS.fish.point.09","2017-11-01T15:39Z","2017-11-01T16:15Z","POSE.20171101.09.1.e-fisher",1,58,"COTBAI1","Cottus bairdii","species",,,,22,0.3,,,,,"no sample",,,"jcoloso@battelleecology.org",
"26d4e666-5578-47b9-adf4-6850443b249d","D02","POSE","POSE.AOS.fish.point.09","2017-11-01T15:39Z","2017-11-01T16:15Z","POSE.20171101.09.1.e-fisher",1,31,"RHIATR","Rhinichthys atratulus","species",,,,55,1.7,,,,,"no sample",,,"jcoloso@battelleecology.org",
"2f0320d6-27d3-4353-a0aa-43b1e3ec83ec","D02","POSE","POSE.AOS.fish.point.09","2017-11-01T15:39Z","2017-11-01T16:15Z","POSE.20171101.09.1.e-fisher",1,59,"ETHFLA","Etheostoma flabellare","species",,,,26,0.3,,,,,"no sample",,,"jcoloso@battelleecology.org",
"20f72c07-0daf-4d2b-bf5d-d3d0201cb520","D02","POSE","POSE.AOS.fish.point.09","2017-11-01T15:39Z","2017-11-01T16:15Z","POSE.20171101.09.1.e-fisher",1,45,"RHIATR","Rhinichthys atratulus","species",,,,23,0.3,,,,,"no sample",,,"jcoloso@battelleecology.org",
"0f2f13ab-cce3-4bef-ae95-7ce7916a4303","D02","POSE","POSE.AOS.fish.point.09","2017-11-01T15:39Z","2017-11-01T16:15Z","POSE.20171101.09.1.e-fisher",1,53,"RHIATR","Rhinichthys atratulus","species",,,,63,3.3,,,,,"no sample",,,"jcoloso@battelleecology.org",
"370de69b-6730-46ea-90d7-a7872ef743a3","D02","POSE","POSE.AOS.fish.point.09","2017-11-01T15:39Z","2017-11-01T16:15Z","POSE.20171101.09.1.e-fisher",1,50,"RHIATR","Rhinichthys atratulus","species",,,,39,0.3,,,,,"no sample",,,"jcoloso@battelleecology.org",
"2bba1027-e50f-49c7-9ac1-3e5ac5c709d3","D02","POSE","POSE.AOS.fish.point.09","2017-11-01T15:39Z","2017-11-01T16:15Z","POSE.20171101.09.1.e-fisher",1,13,"RHIATR","Rhinichthys atratulus","species",,,,26,0.3,,,,,"no sample",,,"jcoloso@battelleecology.org",
"3bf033e6-4ed9-40f7-8b32-9a694954793d","D02","POSE","POSE.AOS.fish.point.09","2017-11-01T15:39Z","2017-11-01T16:15Z","POSE.20171101.09.1.e-fisher",1,48,"RHIATR","Rhinichthys atratulus","species",,,,50,1.1,,,,,"no sample",,,"jcoloso@battelleecology.org",
"a8664c70-4745-4568-bcef-2c345199ee44","D02","POSE","POSE.AOS.fish.point.09","2017-11-01T15:39Z","2017-11-01T16:15Z","POSE.20171101.09.1.e-fisher",1,21,"RHIATR","Rhinichthys atratulus","species",,,,55,1.5,,,,,"no sample",,,"jcoloso@battelleecology.org",
"933ad13f-a9cd-4c25-9dc8-a520192924c0","D02","POSE","POSE.AOS.fish.point.09","2017-11-01T15:39Z","2017-11-01T16:15Z","POSE.20171101.09.1.e-fisher",1,5,"RHIATR","Rhinichthys atratulus","species",,,,64,2.3,,,,,"no sample",,,"jcoloso@battelleecology.org",
"4fd8bd62-20c2-4b4a-b57e-861a415588ec","D02","POSE","POSE.AOS.fish.point.09","2017-11-01T15:39Z","2017-11-01T16:15Z","POSE.20171101.09.1.e-fisher",1,20,"RHIATR","Rhinichthys atratulus","species",,,,60,1.9,,,,,"no sample",,,"jcoloso@battelleecology.org",
"654f3c7c-a945-4d77-a408-4230881e94fd","D02","POSE","POSE.AOS.fish.point.09","2017-11-01T17:22Z","2017-11-01T17:56Z","POSE.20171101.09.2.e-fisher",2,3,"COTBAI1","Cottus bairdii","species",,,,45,1.0,,,,,"no sample",,,"jcoloso@battelleecology.org",
"5823c440-3d1d-4183-a403-58562c883e5c","D02","POSE","POSE.AOS.fish.point.09","2017-11-01T17:22Z","2017-11-01T17:56Z","POSE.20171101.09.2.e-fisher",2,5,"COTBAI1","Cottus bairdii","species",,,,74,5.5,,,,,"no sample",,,"jcoloso@battelleecology.org",
"8a046199-332f-48a5-acbd-7ffaed68c6ba","D02","POSE","POSE.AOS.fish.point.09","2017-11-01T17:22Z","2017-11-01T17:56Z","POSE.20171101.09.2.e-fisher",2,1,"SEMATR","Semotilus atromaculatus","species",,,,35,0.3,,,,,"no sample",,,"jcoloso@battelleecology.org",
"4a42b68a-b253-4a05-8779-2d35c4eb0031","D02","POSE","POSE.AOS.fish.point.09","2017-11-01T17:22Z","2017-11-01T17:56Z","POSE.20171101.09.2.e-fisher",2,6,"COTBAI1","Cottus bairdii","species",,,,20,0.3,,,,,"no sample",,,"jcoloso@battelleecology.org",
"cb74a0c9-cd83-4e45-8ba2-8835f0abaf91","D02","POSE","POSE.AOS.fish.point.09","2017-11-01T17:22Z","2017-11-01T17:56Z","POSE.20171101.09.2.e-fisher",2,2,"COTBAI1","Cottus bairdii","species",,,,50,1.5,,"Y",,,"no sample",,,"jcoloso@battelleecology.org","Squished"
"329b27eb-8181-4a45-a1ab-2b207b9e2acd","D02","POSE","POSE.AOS.fish.point.09","2017-11-01T17:22Z","2017-11-01T17:56Z","POSE.20171101.09.2.e-fisher",2,4,"COTBAI1","Cottus bairdii","species",,,,70,4.2,,,,,"no sample",,,"jcoloso@battelleecology.org",
"02724686-facb-453a-9aa0-ae60f27411fc","D02","POSE","POSE.AOS.fish.point.09","2017-11-01T17:22Z","2017-11-01T17:56Z","POSE.20171101.09.2.e-fisher",2,7,"COTBAI1","Cottus bairdii","species",,,,51,1.5,,,,,"no sample",,,"jcoloso@battelleecology.org",
"9d827e46-bbcc-4a2c-b2df-be5455197a6f","D02","POSE","POSE.AOS.fish.point.09","2017-11-01T18:12Z","2017-11-01T18:45Z","POSE.20171101.09.3.e-fisher",3,2,"COTBAI1","Cottus bairdii","species",,,,45,0.9,,,,,"no sample",,,"jcoloso@battelleecology.org",
"0a5ecdad-7fae-4b5f-9f56-dcfff0756bc6","D02","POSE","POSE.AOS.fish.point.09","2017-11-01T18:12Z","2017-11-01T18:45Z","POSE.20171101.09.3.e-fisher",3,8,"COTBAI1","Cottus bairdii","species",,,,22,0.3,,,,,"no sample",,,"jcoloso@battelleecology.org",
"eb241dcb-2944-4d1d-bcaf-2c0163e8d4fa","D02","POSE","POSE.AOS.fish.point.09","2017-11-01T18:12Z","2017-11-01T18:45Z","POSE.20171101.09.3.e-fisher",3,3,"SEMATR","Semotilus atromaculatus","species",,,,95,8.0,,,,,"no sample",,,"jcoloso@battelleecology.org",
"0504ae8a-f5f2-41eb-aed0-210e6e24155e","D02","POSE","POSE.AOS.fish.point.09","2017-11-01T18:12Z","2017-11-01T18:45Z","POSE.20171101.09.3.e-fisher",3,7,"COTBAI1","Cottus bairdii","species",,,,22,0.3,,,,,"no sample",,,"jcoloso@battelleecology.org",
"18be3c48-52d2-461a-95c8-50b6aa228728","D02","POSE","POSE.AOS.fish.point.09","2017-11-01T18:12Z","2017-11-01T18:45Z","POSE.20171101.09.3.e-fisher",3,1,"COTBAI1","Cottus bairdii","species",,,,74,4.8,,,,,"no sample",,,"jcoloso@battelleecology.org",
"d0b65fd6-8126-4d7a-a6a4-80dee9c8ab96","D02","POSE","POSE.AOS.fish.point.09","2017-11-01T18:12Z","2017-11-01T18:45Z","POSE.20171101.09.3.e-fisher",3,5,"COTBAI1","Cottus bairdii","species",,,,50,1.5,,,,,"no sample",,,"jcoloso@battelleecology.org",
"0f43ba0d-c2d4-4cb6-a4cf-8aba520c3592","D02","POSE","POSE.AOS.fish.point.09","2017-11-01T18:12Z","2017-11-01T18:45Z","POSE.20171101.09.3.e-fisher",3,4,"COTBAI1","Cottus bairdii","species",,,,67,3.5,,,,,"no sample",,,"jcoloso@battelleecology.org",
"cb7c1299-0509-40e3-9bb0-0b4649a98627","D02","POSE","POSE.AOS.fish.point.09","2017-11-01T18:12Z","2017-11-01T18:45Z","POSE.20171101.09.3.e-fisher",3,6,"COTBAI1","Cottus bairdii","species",,,,52,1.6,,,,,"no sample",,,"jcoloso@battelleecology.org",
