uid,domainID,siteID,namedLocation,collectDate,identifiedDate,sampleID,sampleCode,slideID,acceptedTaxonID,targetTaxaPresent,scientificName,morphospeciesID,taxonRank,phylum,subphylum,class,subclass,infraclass,superorder,order,suborder,infraorder,superfamily,family,subfamily,tribe,subtribe,genus,specificEpithet,infraspecificEpithet,invertebrateLifeStage,sizeClass,sizeCategory,individualCount,subsamplePercent,estimatedTotalCount,immatureSpecimen,indeterminateSpecies,sampleCondition,distinctTaxon,identificationQualifier,identificationReferences,qcChecked,laboratoryName,identifiedBy,identificationRemarks,dataQF
"975efc6d-0f37-41ef-984b-89112c323d17","D08","MAYF","MAYF.AOS.reach","2021-07-21T14:02Z","2022-01-11","MAYF.20210721.SNAG.5","A00000147686",,"CLASP6","Y","Cladotanytarsus sp.",,"genus","Arthropoda","Hexapoda","Insecta","Pterygota","Neoptera","Holometabola","Diptera","Nematocera","Culicomorpha",,"Chironomidae","Chironominae","Tanytarsini",,"Cladotanytarsus","sp.",,"larva",1,,3,100,3,"N","N","condition OK","Y",,"Weiderholm, 1983; Weiderholm, 1986; Epler 2001; Ferrington et al. 2019; Andersen, Cranston and Epler 2013","Y","Rhithron Associates, Inc.","A. Fasbender",,
"06252ec0-b459-4ef2-b460-41f92dbc6b63","D08","MAYF","MAYF.AOS.reach","2021-07-21T14:02Z","2022-01-11","MAYF.20210721.SNAG.4","A00000147685",,"TANSP11","Y","Tanytarsus sp.",,"genus","Arthropoda","Hexapoda","Insecta","Pterygota","Neoptera","Holometabola","Diptera","Nematocera","Culicomorpha",,"Chironomidae","Chironominae","Tanytarsini",,"Tanytarsus","sp.",,"larva",1,,1,100,1,"N","N","condition OK","Y",,"Weiderholm, 1983; Weiderholm, 1986; Epler 2001; Ferrington et al. 2019; Andersen, Cranston and Epler 2013","N","Rhithron Associates, Inc.","A. Fasbender",,
"9b6757f8-26cc-4e96-b89f-3001fe67632e","D08","MAYF","MAYF.AOS.reach","2021-07-21T14:02Z","2022-01-11","MAYF.20210721.SNAG.3","A00000147675",,"THIGRO","Y","Thienemannimyia gr.",,"speciesGroup","Arthropoda","Hexapoda","Insecta","Pterygota","Neoptera","Holometabola","Diptera","Nematocera","Culicomorpha",,"Chironomidae","Tanypodinae","Pentaneurini",,"Thienemannimyia","gr.",,"larva",2,,2,100,2,"Y","N","condition OK","Y",,"Weiderholm, 1983; Weiderholm, 1986; Epler 2001; Ferrington et al. 2008; Andersen, Cranston and Epler 2017","N","Rhithron Associates, Inc.","A. Fasbender",,
"da0111eb-0d0e-4b5c-bb57-3b26976ba9cf","D08","MAYF","MAYF.AOS.reach","2021-07-21T14:02Z","2022-01-11","MAYF.20210721.SNAG.5","A00000147686",,"STEPER","Y","Stelechomyia perpulchra",,"species","Arthropoda","Hexapoda","Insecta","Pterygota","Neoptera","Holometabola","Diptera","Nematocera","Culicomorpha",,"Chironomidae","Chironominae","Chironomini",,"Stelechomyia","perpulchra",,"larva",2,,2,100,2,"N","N","condition OK","Y",,"Weiderholm, 1983; Weiderholm, 1986; Epler 2001; Ferrington et al. 2008; Andersen, Cranston and Epler 2013","Y","Rhithron Associates, Inc.","A. Fasbender",,
"1bac0db8-8003-4fb6-bcfd-02842c96e7c0","D08","MAYF","MAYF.AOS.reach","2021-07-21T14:02Z","2022-01-11","MAYF.20210721.SNAG.3","A00000147675",,"THIGRO","Y","Thienemannimyia gr.",,"speciesGroup","Arthropoda","Hexapoda","Insecta","Pterygota","Neoptera","Holometabola","Diptera","Nematocera","Culicomorpha",,"Chironomidae","Tanypodinae","Pentaneurini",,"Thienemannimyia","gr.",,"larva",1,,3,100,3,"Y","N","condition OK","Y",,"Weiderholm, 1983; Weiderholm, 1986; Epler 2001; Ferrington et al. 2008; Andersen, Cranston and Epler 2017","N","Rhithron Associates, Inc.","A. Fasbender",,
"638705e9-22f4-4554-8c6f-e85ad2e16d9e","D08","MAYF","MAYF.AOS.reach","2021-07-21T14:02Z","2022-01-11","MAYF.20210721.SNAG.4","A00000147685",,"STEPER","Y","Stelechomyia perpulchra",,"species","Arthropoda","Hexapoda","Insecta","Pterygota","Neoptera","Holometabola","Diptera","Nematocera","Culicomorpha",,"Chironomidae","Chironominae","Chironomini",,"Stelechomyia","perpulchra",,"larva",2,,2,100,2,"N","N","condition OK","Y",,"Weiderholm, 1983; Weiderholm, 1986; Epler 2001; Ferrington et al. 2008; Andersen, Cranston and Epler 2013","N","Rhithron Associates, Inc.","A. Fasbender",,
"dc3fa25e-d319-4345-959a-df326f615ed1","D08","MAYF","MAYF.AOS.reach","2021-07-21T14:02Z","2022-01-11","MAYF.20210721.SNAG.4","A00000147685",,"STESP8","Y","Stenochironomus sp.",,"genus","Arthropoda","Hexapoda","Insecta","Pterygota","Neoptera","Holometabola","Diptera","Nematocera","Culicomorpha",,"Chironomidae","Chironominae","Chironomini",,"Stenochironomus","sp.",,"larva",4,,1,100,1,"N","N","condition OK","Y",,"Weiderholm, 1983; Weiderholm, 1986; Epler 2001; Ferrington et al. 2019; Andersen, Cranston and Epler 2013","N","Rhithron Associates, Inc.","A. Fasbender",,
"9de094bc-8275-4067-982c-079a86394fcf","D08","MAYF","MAYF.AOS.reach","2021-07-21T14:02Z","2022-01-11","MAYF.20210721.SNAG.4","A00000147685",,"PARSP26","Y","Parametriocnemus sp.",,"genus","Arthropoda","Hexapoda","Insecta","Pterygota","Neoptera","Holometabola","Diptera","Nematocera","Culicomorpha",,"Chironomidae","Orthocladiinae",,,"Parametriocnemus","sp.",,"larva",4,,2,100,2,"N","N","condition OK","Y",,"Weiderholm, 1983; Weiderholm, 1986; Epler 2001; Ferrington et al. 2019; Andersen, Cranston and Epler 2013","N","Rhithron Associates, Inc.","A. Fasbender",,
"0d7ec7b6-aa1d-4786-a749-093eeecaa3ea","D08","MAYF","MAYF.AOS.reach","2021-07-21T14:02Z","2022-01-11","MAYF.20210721.SNAG.5","A00000147686",,"NIGSP","Y","Nigronia sp.",,"genus","Arthropoda","Hexapoda","Insecta","Pterygota","Neoptera","Neuropterida","Megaloptera",,,,"Corydalidae","Chauliodinae",,,"Nigronia","sp.",,"larva",4,,1,100,1,"N","N","condition OK","Y",,"Merritt et al. 2019","Y","Rhithron Associates, Inc.","J. Webb",,
"37ab003c-8bd7-4386-99f5-9f6f768ff7c7","D08","MAYF","MAYF.AOS.reach","2021-07-21T14:02Z","2022-01-11","MAYF.20210721.SNAG.4","A00000147685",,"SIMSP1","Y","Simulium sp.",,"genus","Arthropoda","Hexapoda","Insecta","Pterygota","Neoptera","Holometabola","Diptera","Nematocera","Culicomorpha",,"Simuliidae","Simuliinae","Simuliini",,"Simulium","sp.",,"larva",2,,6,100,6,"N","N","condition OK","Y",,"Adler et al. 2004; Merritt et al. 2019","N","Rhithron Associates, Inc.","J. Webb",,
"f3e39807-da9e-406e-919c-6830ed329e04","D08","MAYF","MAYF.AOS.reach","2021-07-21T14:02Z","2022-01-11","MAYF.20210721.SNAG.4","A00000147685",,"THISP2","Y","Thienemanniella sp.",,"genus","Arthropoda","Hexapoda","Insecta","Pterygota","Neoptera","Holometabola","Diptera","Nematocera","Culicomorpha",,"Chironomidae","Orthocladiinae",,,"Thienemanniella","sp.",,"larva",1,,1,100,1,"N","N","condition OK","Y",,"Weiderholm, 1983; Weiderholm, 1986; Epler 2001; Ferrington et al. 2019; Andersen, Cranston and Epler 2013","N","Rhithron Associates, Inc.","A. Fasbender",,
"d9c93c3b-2a2d-4934-8cd0-051df3885162","D08","MAYF","MAYF.AOS.reach","2021-07-21T14:02Z","2022-01-11","MAYF.20210721.CORE.3","A00000147676",,"POLLAE","Y","Polypedilum laetum",,"species","Arthropoda","Hexapoda","Insecta","Pterygota","Neoptera","Holometabola","Diptera","Nematocera","Culicomorpha",,"Chironomidae","Chironominae","Chironomini",,"Polypedilum","laetum",,"larva",3,,1,100,1,"N","N","condition OK","Y",,"Weiderholm, 1983; Weiderholm, 1986; Epler 2001; Ferrington et al. 2019; Andersen, Cranston and Epler 2013","N","Rhithron Associates, Inc.","A. Fasbender",,
"5836768f-253b-4826-a7fb-63bafe47d34e","D08","MAYF","MAYF.AOS.reach","2021-07-21T14:02Z","2022-01-11","MAYF.20210721.SNAG.4","A00000147685",,"HYDSP23","Y","Hydropsyche sp.",,"genus","Arthropoda","Hexapoda","Insecta","Pterygota","Neoptera","Holometabola","Trichoptera",,,"Hydropsychoidea","Hydropsychidae","Hydropsychinae",,,"Hydropsyche","sp.",,"larva",3,,5,100,5,"N","N","condition OK","Y",,"Wiggins, 1996; Geraci, 2010","N","Rhithron Associates, Inc.","J. Webb",,
"108e3498-72a7-4c04-b8fd-f2d9740b4824","D08","MAYF","MAYF.AOS.reach","2021-07-21T14:02Z","2022-01-11","MAYF.20210721.SNAG.5","A00000147686",,"RHESP2","Y","Rheotanytarsus sp.",,"genus","Arthropoda","Hexapoda","Insecta","Pterygota","Neoptera","Holometabola","Diptera","Nematocera","Culicomorpha",,"Chironomidae","Chironominae","Tanytarsini",,"Rheotanytarsus","sp.",,"larva",1,,8,100,8,"Y","N","condition OK","Y",,"Weiderholm, 1983; Weiderholm, 1986; Epler 2001; Ferrington et al. 2019; Andersen, Cranston and Epler 2013","Y","Rhithron Associates, Inc.","A. Fasbender",,
"1a103c05-099d-4cf6-aa95-e3eef414b4a3","D08","MAYF","MAYF.AOS.reach","2021-07-21T14:02Z","2022-01-11","MAYF.20210721.SNAG.5","A00000147686",,"SPESP5","Y","Sperchonopsis sp.",,"genus","Arthropoda","Chelicerata","Arachnida","Acari",,"Acariformes","Trombidiformes","Prostigmata",,"Lebertioidea","Sperchontidae",,,,"Sperchonopsis","sp.",,"adult",1,,7,100,7,"N","N","condition OK","Y",,"Thorp and Rogers 2016","Y","Rhithron Associates, Inc.","J. Webb",,
"9771138b-2527-4a30-bcb5-ba206fa7e04e","D08","MAYF","MAYF.AOS.reach","2021-07-21T14:02Z","2022-01-11","MAYF.20210721.SNAG.5","A00000147686",,"HEPSP","Y","Heptageniidae sp.",,"family","Arthropoda","Hexapoda","Insecta","Pterygota","Palaeoptera",,"Ephemeroptera","Pisciforma",,"Heptagenioidea","Heptageniidae",,,,,"sp.",,"larva",1,,4,100,4,"Y","N","condition OK","Y",,"Merritt et al. 2019","Y","Rhithron Associates, Inc.","J. Webb",,
"8113164f-15b1-4115-8bb4-f737f1753183","D08","MAYF","MAYF.AOS.reach","2021-07-21T14:02Z","2022-01-11","MAYF.20210721.SNAG.1","A00000147669",,"CERSP10","Y","Ceratopogoninae sp.",,"subfamily","Arthropoda","Hexapoda","Insecta","Pterygota","Neoptera","Holometabola","Diptera","Nematocera","Culicomorpha",,"Ceratopogonidae","Ceratopogoninae",,,,"sp.",,"larva",1,,4,100,4,"N","N","condition OK","Y",,"Merritt et al. 2019","N","Rhithron Associates, Inc.","B. Moore",,
"8d94e57b-aab6-4b27-a60f-643f8b756d43","D08","MAYF","MAYF.AOS.reach","2021-07-21T14:02Z","2022-01-11","MAYF.20210721.SNAG.5","A00000147686",,"STEPER","Y","Stelechomyia perpulchra",,"species","Arthropoda","Hexapoda","Insecta","Pterygota","Neoptera","Holometabola","Diptera","Nematocera","Culicomorpha",,"Chironomidae","Chironominae","Chironomini",,"Stelechomyia","perpulchra",,"larva",1,,1,100,1,"N","N","condition OK","Y",,"Weiderholm, 1983; Weiderholm, 1986; Epler 2001; Ferrington et al. 2008; Andersen, Cranston and Epler 2013","Y","Rhithron Associates, Inc.","A. Fasbender",,
"ed3c9112-905d-4c08-bc41-2a876243c773","D08","MAYF","MAYF.AOS.reach","2021-07-21T14:02Z","2022-01-11","MAYF.20210721.SNAG.5","A00000147686",,"RHESP1","Y","Rheocricotopus sp.",,"genus","Arthropoda","Hexapoda","Insecta","Pterygota","Neoptera","Holometabola","Diptera","Nematocera","Culicomorpha",,"Chironomidae","Orthocladiinae",,,"Rheocricotopus","sp.",,"larva",3,,2,100,2,"N","N","condition OK","Y",,"Weiderholm, 1983; Weiderholm, 1986; Epler 2001; Ferrington et al. 2019; Andersen, Cranston and Epler 2013","Y","Rhithron Associates, Inc.","A. Fasbender",,
"025ca202-b724-4d1e-9a1b-ce13a8d99e80","D08","MAYF","MAYF.AOS.reach","2021-07-21T14:02Z","2022-01-11","MAYF.20210721.CORE.3","A00000147676",,"CERSP10","Y","Ceratopogoninae sp.",,"subfamily","Arthropoda","Hexapoda","Insecta","Pterygota","Neoptera","Holometabola","Diptera","Nematocera","Culicomorpha",,"Ceratopogonidae","Ceratopogoninae",,,,"sp.",,"larva",6,,1,100,1,"N","N","condition OK","Y",,"Merritt et al. 2019","N","Rhithron Associates, Inc.","B. Moore",,
"ddf6cf53-6530-4a28-ae83-43561e18fb0c","D08","MAYF","MAYF.AOS.reach","2021-07-21T14:02Z","2022-01-11","MAYF.20210721.SNAG.3","A00000147675",,"HEMSP4","Y","Hemerodromia sp.",,"genus","Arthropoda","Hexapoda","Insecta","Pterygota","Neoptera","Holometabola","Diptera","Brachycera","Muscomorpha",,"Empididae","Hemerodromiinae","Hemerodromiini",,"Hemerodromia","sp.",,"larva",1,,2,100,2,"N","N","condition OK","Y",,"Merritt et al. 2019","N","Rhithron Associates, Inc.","B. Moore",,
"94da9eb6-dcb8-4b0c-ba6d-880fcd0b70bb","D08","MAYF","MAYF.AOS.reach","2021-07-21T14:02Z","2022-01-11","MAYF.20210721.SNAG.5","A00000147686",,"HYDSP5","Y","Hydroptilidae sp.",,"family","Arthropoda","Hexapoda","Insecta","Pterygota","Neoptera","Holometabola","Trichoptera",,,"Hydroptiloidea","Hydroptilidae",,,,,"sp.",,"larva",1,,3,100,3,"Y","N","condition OK","N",,"Wiggins 1996; Merritt et al. 2019","Y","Rhithron Associates, Inc.","J. Webb",,
"db33aed1-fad1-406b-9882-7124961b55f7","D08","MAYF","MAYF.AOS.reach","2021-07-21T14:02Z","2022-01-11","MAYF.20210721.SNAG.5","A00000147686",,"RHESP1","Y","Rheocricotopus sp.",,"genus","Arthropoda","Hexapoda","Insecta","Pterygota","Neoptera","Holometabola","Diptera","Nematocera","Culicomorpha",,"Chironomidae","Orthocladiinae",,,"Rheocricotopus","sp.",,"larva",2,,4,100,4,"N","N","condition OK","Y",,"Weiderholm, 1983; Weiderholm, 1986; Epler 2001; Ferrington et al. 2019; Andersen, Cranston and Epler 2013","Y","Rhithron Associates, Inc.","A. Fasbender",,
"0c7dc14e-647b-4de4-bc05-de8a5ac59247","D08","MAYF","MAYF.AOS.reach","2021-07-21T14:02Z","2022-01-11","MAYF.20210721.SNAG.5","A00000147686",,"HYGSP2","Y","Hygrobates sp.",,"genus","Arthropoda","Chelicerata","Arachnida","Acari",,"Acariformes","Trombidiformes","Prostigmata",,"Hygrobatoidea","Hygrobatidae",,,,"Hygrobates","sp.",,"adult",1,,1,100,1,"N","N","condition OK","Y",,"Thorp and Rogers 2016","Y","Rhithron Associates, Inc.","J. Webb",,
"26929945-2a37-4b43-ae5f-5b129080bfd3","D08","MAYF","MAYF.AOS.reach","2021-07-21T14:02Z","2022-01-11","MAYF.20210721.SNAG.5","A00000147686",,"HYDSP23","Y","Hydropsyche sp.",,"genus","Arthropoda","Hexapoda","Insecta","Pterygota","Neoptera","Holometabola","Trichoptera",,,"Hydropsychoidea","Hydropsychidae","Hydropsychinae",,,"Hydropsyche","sp.",,"larva",3,,2,100,2,"N","N","condition OK","Y",,"Wiggins, 1996; Geraci, 2010","Y","Rhithron Associates, Inc.","J. Webb",,
"89a55250-619d-440d-8029-2d13e2e2cb95","D08","MAYF","MAYF.AOS.reach","2021-07-21T14:02Z","2022-01-11","MAYF.20210721.SNAG.5","A00000147686",,"PERSP6","Y","Perlesta sp.",,"genus","Arthropoda","Hexapoda","Insecta","Pterygota","Neoptera","Polyneoptera","Plecoptera","Systellognatha",,,"Perlidae","Acroneuriinae","Acroneuriini",,"Perlesta","sp.",,"larva",5,,2,100,2,"N","N","condition OK","Y",,"Stewart and Stark 2002; Merritt et al. 2019","Y","Rhithron Associates, Inc.","J. Webb",,
"79784a3c-7f78-4a5c-96a5-a5f690745f63","D08","MAYF","MAYF.AOS.reach","2021-07-21T14:02Z","2022-01-11","MAYF.20210721.SNAG.3","A00000147675",,"STEPER","Y","Stelechomyia perpulchra",,"species","Arthropoda","Hexapoda","Insecta","Pterygota","Neoptera","Holometabola","Diptera","Nematocera","Culicomorpha",,"Chironomidae","Chironominae","Chironomini",,"Stelechomyia","perpulchra",,"larva",2,,1,100,1,"N","N","condition OK","Y",,"Weiderholm, 1983; Weiderholm, 1986; Epler 2001; Ferrington et al. 2008; Andersen, Cranston and Epler 2013","N","Rhithron Associates, Inc.","A. Fasbender",,
"ab8e94f9-3da2-4a3b-84a4-193022a6d73e","D08","MAYF","MAYF.AOS.reach","2021-07-21T14:02Z","2022-01-11","MAYF.20210721.SNAG.5","A00000147686",,"RHESP1","Y","Rheocricotopus sp.",,"genus","Arthropoda","Hexapoda","Insecta","Pterygota","Neoptera","Holometabola","Diptera","Nematocera","Culicomorpha",,"Chironomidae","Orthocladiinae",,,"Rheocricotopus","sp.",,"larva",1,,1,100,1,"N","N","condition OK","Y",,"Weiderholm, 1983; Weiderholm, 1986; Epler 2001; Ferrington et al. 2019; Andersen, Cranston and Epler 2013","Y","Rhithron Associates, Inc.","A. Fasbender",,
"82bb62a1-c314-4c16-a682-cb6e000b238b","D08","MAYF","MAYF.AOS.reach","2021-07-21T14:02Z","2022-01-11","MAYF.20210721.SNAG.4","A00000147685",,"DIPSP8","Y","Diplectrona sp.",,"genus","Arthropoda","Hexapoda","Insecta","Pterygota","Neoptera","Holometabola","Trichoptera",,,"Hydropsychoidea","Hydropsychidae","Diplectroninae",,,"Diplectrona","sp.",,"larva",2,,1,100,1,"N","N","condition OK","Y",,"Wiggins 1996","N","Rhithron Associates, Inc.","J. Webb",,
"000c1154-af80-4649-892c-2e4798261628","D08","MAYF","MAYF.AOS.reach","2021-07-21T14:02Z","2022-01-11","MAYF.20210721.SNAG.5","A00000147686",,"TANSP11","Y","Tanytarsus sp.",,"genus","Arthropoda","Hexapoda","Insecta","Pterygota","Neoptera","Holometabola","Diptera","Nematocera","Culicomorpha",,"Chironomidae","Chironominae","Tanytarsini",,"Tanytarsus","sp.",,"larva",1,,36,100,36,"N","N","condition OK","Y",,"Weiderholm, 1983; Weiderholm, 1986; Epler 2001; Ferrington et al. 2019; Andersen, Cranston and Epler 2013","Y","Rhithron Associates, Inc.","A. Fasbender",,
"a8afdc17-4842-4542-908b-2d444206ff93","D08","MAYF","MAYF.AOS.reach","2021-07-21T14:02Z","2022-01-11","MAYF.20210721.SNAG.1","A00000147669",,"TANSP11","Y","Tanytarsus sp.",,"genus","Arthropoda","Hexapoda","Insecta","Pterygota","Neoptera","Holometabola","Diptera","Nematocera","Culicomorpha",,"Chironomidae","Chironominae","Tanytarsini",,"Tanytarsus","sp.",,"larva",2,,4,100,4,"N","N","condition OK","Y",,"Weiderholm, 1983; Weiderholm, 1986; Epler 2001; Ferrington et al. 2019; Andersen, Cranston and Epler 2013","N","Rhithron Associates, Inc.","A. Fasbender",,
"c3f84dca-e982-4abe-aaac-f208bb062b98","D08","MAYF","MAYF.AOS.reach","2021-07-21T14:02Z","2022-01-11","MAYF.20210721.SNAG.4","A00000147685",,"RHEEXI","Y","Rheotanytarsus exiguus gr.",,"speciesGroup","Arthropoda","Hexapoda","Insecta","Pterygota","Neoptera","Holometabola","Diptera","Nematocera","Culicomorpha",,"Chironomidae","Chironominae","Tanytarsini",,"Rheotanytarsus","exiguus gr.",,"larva",1,,6,100,6,"N","N","condition OK","Y",,"Weiderholm, 1983; Weiderholm, 1986; Epler 2001; Ferrington et al. 2008; Andersen, Cranston and Epler 2013","N","Rhithron Associates, Inc.","A. Fasbender",,
"d617a62b-a95d-4afa-abb6-299074640ee1","D08","MAYF","MAYF.AOS.reach","2021-07-21T14:02Z","2022-01-11","MAYF.20210721.SNAG.5","A00000147686",,"NEMSP","Y","Nematoda sp.",,"phylum","Nematoda",,,,,,,,,,,,,,,"sp.",,"none",1,,1,100,1,"N","N","condition OK","Y",,"Thorp and Rogers 2016","Y","Rhithron Associates, Inc.","J. Webb",,
"0e7188ae-c04b-4b9b-8da8-ea30820cc41e","D08","MAYF","MAYF.AOS.reach","2021-07-21T14:02Z","2022-01-11","MAYF.20210721.SNAG.4","A00000147685",,"RHESP1","Y","Rheocricotopus sp.",,"genus","Arthropoda","Hexapoda","Insecta","Pterygota","Neoptera","Holometabola","Diptera","Nematocera","Culicomorpha",,"Chironomidae","Orthocladiinae",,,"Rheocricotopus","sp.",,"larva",3,,4,100,4,"N","N","condition OK","Y",,"Weiderholm, 1983; Weiderholm, 1986; Epler 2001; Ferrington et al. 2019; Andersen, Cranston and Epler 2013","N","Rhithron Associates, Inc.","A. Fasbender",,
"e877f851-8a74-4687-8971-eca6c997ca46","D08","MAYF","MAYF.AOS.reach","2021-07-21T14:02Z","2022-01-11","MAYF.20210721.SNAG.5","A00000147686",,"HYDSP4","Y","Hydropsychidae sp.",,"family","Arthropoda","Hexapoda","Insecta","Pterygota","Neoptera","Holometabola","Trichoptera",,,"Hydropsychoidea","Hydropsychidae",,,,,"sp.",,"larva",2,,4,100,4,"Y","N","condition OK","N",,"Wiggins 1996, Merritt et al. 2019","Y","Rhithron Associates, Inc.","J. Webb",,
"dac535db-2343-400e-b903-452b1f16e5bb","D08","MAYF","MAYF.AOS.reach","2021-07-21T14:02Z","2022-01-11","MAYF.20210721.SNAG.4","A00000147685",,"PERSP6","Y","Perlesta sp.",,"genus","Arthropoda","Hexapoda","Insecta","Pterygota","Neoptera","Polyneoptera","Plecoptera","Systellognatha",,,"Perlidae","Acroneuriinae","Acroneuriini",,"Perlesta","sp.",,"larva",5,,1,100,1,"N","N","condition OK","Y",,"Stewart and Stark 2002; Merritt et al. 2019","N","Rhithron Associates, Inc.","J. Webb",,
"b09b822b-8dd9-4c49-a645-ea6a323689db","D08","MAYF","MAYF.AOS.reach","2021-07-21T14:02Z","2022-01-11","MAYF.20210721.SNAG.4","A00000147685",,"RHESP1","Y","Rheocricotopus sp.",,"genus","Arthropoda","Hexapoda","Insecta","Pterygota","Neoptera","Holometabola","Diptera","Nematocera","Culicomorpha",,"Chironomidae","Orthocladiinae",,,"Rheocricotopus","sp.",,"larva",2,,7,100,7,"N","N","condition OK","Y",,"Weiderholm, 1983; Weiderholm, 1986; Epler 2001; Ferrington et al. 2019; Andersen, Cranston and Epler 2013","N","Rhithron Associates, Inc.","A. Fasbender",,
"55e5256a-2ec0-4a62-b7d5-1797d7ee456a","D08","MAYF","MAYF.AOS.reach","2021-07-21T14:02Z","2022-01-11","MAYF.20210721.CORE.3","A00000147676",,"STESP6","Y","Stenelmis sp.",,"genus","Arthropoda","Hexapoda","Insecta","Pterygota","Neoptera","Holometabola","Coleoptera","Polyphaga","Elateriformia","Byrrhoidea","Elmidae","Elminae","Elmini",,"Stenelmis","sp.",,"larva",3,,1,100,1,"N","N","condition OK","Y",,"Brown 1972; Merritt et al. 2019","N","Rhithron Associates, Inc.","B. Moore",,
"275391fe-0c82-4d9d-8da8-858f430f96f6","D08","MAYF","MAYF.AOS.reach","2021-07-21T14:02Z","2022-01-11","MAYF.20210721.SNAG.4","A00000147685",,"PERSP6","Y","Perlesta sp.",,"genus","Arthropoda","Hexapoda","Insecta","Pterygota","Neoptera","Polyneoptera","Plecoptera","Systellognatha",,,"Perlidae","Acroneuriinae","Acroneuriini",,"Perlesta","sp.",,"larva",2,,2,100,2,"N","N","condition OK","Y",,"Stewart and Stark 2002; Merritt et al. 2019","N","Rhithron Associates, Inc.","J. Webb",,
"9b7fa6c9-895b-4de4-b354-d6c9f52db94a","D08","MAYF","MAYF.AOS.reach","2021-07-21T14:02Z","2022-01-11","MAYF.20210721.SNAG.5","A00000147686",,"ATRSP3","Y","Atractides sp.",,"genus","Arthropoda","Chelicerata","Arachnida","Acari",,"Acariformes","Trombidiformes","Prostigmata",,"Hygrobatoidea","Hygrobatidae",,,,"Atractides","sp.",,"adult",1,,3,100,3,"N","N","condition OK","Y",,"Thorp and Rogers 2016","Y","Rhithron Associates, Inc.","J. Webb",,
"fcc66460-40bb-4a8b-91ef-307a869d6613","D08","MAYF","MAYF.AOS.reach","2021-07-21T14:02Z","2022-01-11","MAYF.20210721.SNAG.1","A00000147669",,"ORISP1","Y","Oribatida sp.",,"suborder","Arthropoda","Chelicerata","Arachnida","Acari",,"Acariformes","Sarcoptiformes","Oribatida",,,,,,,,"sp.",,"adult",1,,17,100,17,"N","N","condition OK","Y",,"Thorp and Rogers 2016","N","Rhithron Associates, Inc.","B. Moore",,
"e4cb0f07-5e1e-42be-81d6-1476213c7f2a","D08","MAYF","MAYF.AOS.reach","2021-07-21T14:02Z","2022-01-11","MAYF.20210721.SNAG.5","A00000147686",,"THIGRO","Y","Thienemannimyia gr.",,"speciesGroup","Arthropoda","Hexapoda","Insecta","Pterygota","Neoptera","Holometabola","Diptera","Nematocera","Culicomorpha",,"Chironomidae","Tanypodinae","Pentaneurini",,"Thienemannimyia","gr.",,"larva",1,,20,100,20,"Y","N","condition OK","Y",,"Weiderholm, 1983; Weiderholm, 1986; Epler 2001; Ferrington et al. 2008; Andersen, Cranston and Epler 2017","Y","Rhithron Associates, Inc.","A. Fasbender",,
"61569570-deeb-49bf-a9a2-fc41d2c0ec0c","D08","MAYF","MAYF.AOS.reach","2021-07-21T14:02Z","2022-01-11","MAYF.20210721.SNAG.4","A00000147685",,"TANSP11","Y","Tanytarsus sp.",,"genus","Arthropoda","Hexapoda","Insecta","Pterygota","Neoptera","Holometabola","Diptera","Nematocera","Culicomorpha",,"Chironomidae","Chironominae","Tanytarsini",,"Tanytarsus","sp.",,"larva",3,,1,100,1,"N","N","condition OK","Y",,"Weiderholm, 1983; Weiderholm, 1986; Epler 2001; Ferrington et al. 2019; Andersen, Cranston and Epler 2013","N","Rhithron Associates, Inc.","A. Fasbender",,
"fe1df395-63fb-4e22-968d-32e354cd2789","D08","MAYF","MAYF.AOS.reach","2021-07-21T14:02Z","2022-01-11","MAYF.20210721.SNAG.4","A00000147685",,"HYDSP23","Y","Hydropsyche sp.",,"genus","Arthropoda","Hexapoda","Insecta","Pterygota","Neoptera","Holometabola","Trichoptera",,,"Hydropsychoidea","Hydropsychidae","Hydropsychinae",,,"Hydropsyche","sp.",,"larva",5,,1,100,1,"N","N","condition OK","Y",,"Wiggins, 1996; Geraci, 2010","N","Rhithron Associates, Inc.","J. Webb",,
"3a66f2af-746d-4263-b953-e7302b0c35c5","D08","MAYF","MAYF.AOS.reach","2021-07-21T14:02Z","2022-01-11","MAYF.20210721.SNAG.4","A00000147685",,"CRISP6","Y","Cricotopus/Orthocladius sp.",,"speciesGroup","Arthropoda","Hexapoda","Insecta","Pterygota","Neoptera","Holometabola","Diptera","Nematocera","Culicomorpha",,"Chironomidae","Orthocladiinae",,,"Cricotopus/Orthocladius","sp.",,"larva",4,,2,100,2,"Y","N","condition OK","N",,"Weiderholm, 1983; Weiderholm, 1986; Epler 2001; Ferrington et al. 2008; Andersen, Cranston and Epler 2013","N","Rhithron Associates, Inc.","A. Fasbender",,
"076eb0c4-78b5-435c-8e90-1e2c763de91e","D08","MAYF","MAYF.AOS.reach","2021-07-21T14:02Z","2022-01-11","MAYF.20210721.SNAG.5","A00000147686",,"TORSP6","Y","Torrenticola sp.",,"genus","Arthropoda","Chelicerata","Arachnida","Acari",,"Acariformes","Trombidiformes","Prostigmata",,"Lebertioidea","Torrenticolidae",,,,"Torrenticola","sp.",,"adult",1,,8,100,8,"N","N","condition OK","Y",,"Thorp and Rogers 2016","Y","Rhithron Associates, Inc.","J. Webb",,
"68944108-6892-4b77-8fbe-7f03402b341d","D08","MAYF","MAYF.AOS.reach","2021-07-21T14:02Z","2022-01-11","MAYF.20210721.SNAG.4","A00000147685",,"PSESP18","Y","Pseudochironomus sp.",,"genus","Arthropoda","Hexapoda","Insecta","Pterygota","Neoptera","Holometabola","Diptera","Nematocera","Culicomorpha",,"Chironomidae","Chironominae","Pseudochironomini",,"Pseudochironomus","sp.",,"larva",3,,8,100,8,"N","N","condition OK","Y",,"Weiderholm, 1983; Weiderholm, 1986; Epler 2001; Ferrington et al. 2019; Andersen, Cranston and Epler 2013","N","Rhithron Associates, Inc.","A. Fasbender",,
"a29134e6-0ed2-461b-aaa4-73713ff2e3b4","D08","MAYF","MAYF.AOS.reach","2021-07-21T14:02Z","2022-01-11","MAYF.20210721.SNAG.5","A00000147686",,"THIGRO","Y","Thienemannimyia gr.",,"speciesGroup","Arthropoda","Hexapoda","Insecta","Pterygota","Neoptera","Holometabola","Diptera","Nematocera","Culicomorpha",,"Chironomidae","Tanypodinae","Pentaneurini",,"Thienemannimyia","gr.",,"larva",3,,3,100,3,"Y","N","condition OK","Y",,"Weiderholm, 1983; Weiderholm, 1986; Epler 2001; Ferrington et al. 2008; Andersen, Cranston and Epler 2017","Y","Rhithron Associates, Inc.","A. Fasbender",,
"138bfeac-dc0b-46d6-9206-b0019b5287df","D08","MAYF","MAYF.AOS.reach","2021-07-21T14:02Z","2022-01-11","MAYF.20210721.SNAG.4","A00000147685",,"ANCBIC","Y","Anchytarsus bicolor",,"species","Arthropoda","Hexapoda","Insecta","Pterygota","Neoptera","Holometabola","Coleoptera","Polyphaga","Elateriformia","Byrrhoidea","Ptilodactylidae","Anchytarsinae",,,"Anchytarsus","bicolor",,"larva",2,,1,100,1,"N","N","condition OK","Y",,"Merritt et al. 2019","N","Rhithron Associates, Inc.","J. Webb",,
"62ef79df-3f2a-4d85-ba98-65b97566c0d7","D08","MAYF","MAYF.AOS.reach","2021-07-21T14:02Z","2022-01-11","MAYF.20210721.SNAG.3","A00000147675",,"POLSCA","Y","Polypedilum scalaenum gr.",,"speciesGroup","Arthropoda","Hexapoda","Insecta","Pterygota","Neoptera","Holometabola","Diptera","Nematocera","Culicomorpha",,"Chironomidae","Chironominae","Chironomini",,"Polypedilum","scalaenum gr.",,"larva",4,,1,100,1,"N","N","condition OK","Y",,"Weiderholm, 1983; Weiderholm, 1986; Epler 2001; Ferrington et al. 2008; Andersen, Cranston and Epler 2018","N","Rhithron Associates, Inc.","A. Fasbender",,
"9c4847c8-0f71-4593-bfc2-65ecd9b626ca","D08","MAYF","MAYF.AOS.reach","2021-07-21T14:02Z","2022-01-11","MAYF.20210721.SNAG.3","A00000147675",,"THIGRO","Y","Thienemannimyia gr.",,"speciesGroup","Arthropoda","Hexapoda","Insecta","Pterygota","Neoptera","Holometabola","Diptera","Nematocera","Culicomorpha",,"Chironomidae","Tanypodinae","Pentaneurini",,"Thienemannimyia","gr.",,"larva",4,,1,100,1,"Y","N","condition OK","Y",,"Weiderholm, 1983; Weiderholm, 1986; Epler 2001; Ferrington et al. 2008; Andersen, Cranston and Epler 2017","N","Rhithron Associates, Inc.","A. Fasbender",,
"4afbe572-3eae-46ef-9af5-fd310f3688e9","D08","MAYF","MAYF.AOS.reach","2021-07-21T14:02Z","2022-01-11","MAYF.20210721.SNAG.2","A00000147674",,"STESP8","Y","Stenochironomus sp.",,"genus","Arthropoda","Hexapoda","Insecta","Pterygota","Neoptera","Holometabola","Diptera","Nematocera","Culicomorpha",,"Chironomidae","Chironominae","Chironomini",,"Stenochironomus","sp.",,"larva",2,,1,100,1,"N","N","condition OK","Y",,"Weiderholm, 1983; Weiderholm, 1986; Epler 2001; Ferrington et al. 2019; Andersen, Cranston and Epler 2013","N","Rhithron Associates, Inc.","A. Fasbender",,
"b803ab07-6287-4773-97c7-e10df926507e","D08","MAYF","MAYF.AOS.reach","2021-07-21T14:02Z","2022-01-11","MAYF.20210721.SNAG.4","A00000147685",,"RHEEXI","Y","Rheotanytarsus exiguus gr.",,"speciesGroup","Arthropoda","Hexapoda","Insecta","Pterygota","Neoptera","Holometabola","Diptera","Nematocera","Culicomorpha",,"Chironomidae","Chironominae","Tanytarsini",,"Rheotanytarsus","exiguus gr.",,"larva",2,,6,100,6,"N","N","condition OK","Y",,"Weiderholm, 1983; Weiderholm, 1986; Epler 2001; Ferrington et al. 2008; Andersen, Cranston and Epler 2013","N","Rhithron Associates, Inc.","A. Fasbender",,
"58ea0e03-a5af-46c0-99c5-9091294ab411","D08","MAYF","MAYF.AOS.reach","2021-07-21T14:02Z","2022-01-11","MAYF.20210721.SNAG.4","A00000147685",,"RHEEXI","Y","Rheotanytarsus exiguus gr.",,"speciesGroup","Arthropoda","Hexapoda","Insecta","Pterygota","Neoptera","Holometabola","Diptera","Nematocera","Culicomorpha",,"Chironomidae","Chironominae","Tanytarsini",,"Rheotanytarsus","exiguus gr.",,"larva",3,,2,100,2,"N","N","condition OK","Y",,"Weiderholm, 1983; Weiderholm, 1986; Epler 2001; Ferrington et al. 2008; Andersen, Cranston and Epler 2013","N","Rhithron Associates, Inc.","A. Fasbender",,
"88c35250-383f-4a93-bcda-53468aedb81d","D08","MAYF","MAYF.AOS.reach","2021-07-21T14:02Z","2022-01-11","MAYF.20210721.SNAG.4","A00000147685",,"PELSP1","Y","Peltoperlidae sp.",,"family","Arthropoda","Hexapoda","Insecta","Pterygota","Neoptera","Polyneoptera","Plecoptera","Systellognatha",,,"Peltoperlidae",,,,,"sp.",,"larva",3,,1,100,1,"Y","N","condition OK","Y",,"Stewart and Stark 2002; Merritt et al. 2019","N","Rhithron Associates, Inc.","J. Webb","Peltoperla/Tallaperla",
"e2990ee8-a617-49ff-9a4a-182c657999b6","D08","MAYF","MAYF.AOS.reach","2021-07-21T14:02Z","2022-01-11","MAYF.20210721.SNAG.1","A00000147669",,"THIGRO","Y","Thienemannimyia gr.",,"speciesGroup","Arthropoda","Hexapoda","Insecta","Pterygota","Neoptera","Holometabola","Diptera","Nematocera","Culicomorpha",,"Chironomidae","Tanypodinae","Pentaneurini",,"Thienemannimyia","gr.",,"larva",1,,1,100,1,"Y","N","condition OK","Y",,"Weiderholm, 1983; Weiderholm, 1986; Epler 2001; Ferrington et al. 2008; Andersen, Cranston and Epler 2017","N","Rhithron Associates, Inc.","A. Fasbender",,
"ea10447a-7d12-4192-befb-74d59be6bd75","D08","MAYF","MAYF.AOS.reach","2021-07-21T14:02Z","2022-01-11","MAYF.20210721.CORE.3","A00000147676",,"POLLAE","Y","Polypedilum laetum",,"species","Arthropoda","Hexapoda","Insecta","Pterygota","Neoptera","Holometabola","Diptera","Nematocera","Culicomorpha",,"Chironomidae","Chironominae","Chironomini",,"Polypedilum","laetum",,"larva",2,,2,100,2,"N","N","condition OK","Y",,"Weiderholm, 1983; Weiderholm, 1986; Epler 2001; Ferrington et al. 2019; Andersen, Cranston and Epler 2013","N","Rhithron Associates, Inc.","A. Fasbender",,
"236e5fdf-568b-4d5b-a33c-6a2b877599bd","D08","MAYF","MAYF.AOS.reach","2021-07-21T14:02Z","2022-01-11","MAYF.20210721.SNAG.4","A00000147685",,"ORISP1","Y","Oribatida sp.",,"suborder","Arthropoda","Chelicerata","Arachnida","Acari",,"Acariformes","Sarcoptiformes","Oribatida",,,,,,,,"sp.",,"adult",1,,7,100,7,"N","N","condition OK","Y",,"Thorp and Rogers 2016","N","Rhithron Associates, Inc.","J. Webb",,
"2de6e6ea-f6d2-4970-984a-576fb5c29bcd","D08","MAYF","MAYF.AOS.reach","2021-07-21T14:02Z","2022-01-11","MAYF.20210721.SNAG.4","A00000147685",,"CERSP10","Y","Ceratopogoninae sp.",,"subfamily","Arthropoda","Hexapoda","Insecta","Pterygota","Neoptera","Holometabola","Diptera","Nematocera","Culicomorpha",,"Ceratopogonidae","Ceratopogoninae",,,,"sp.",,"larva",1,,2,100,2,"N","N","condition OK","Y",,"Merritt et al. 2019","N","Rhithron Associates, Inc.","J. Webb",,
"3e350193-88a3-47d9-9d1a-ecde272adb0d","D08","MAYF","MAYF.AOS.reach","2021-07-21T14:02Z","2022-01-11","MAYF.20210721.SNAG.4","A00000147685","BA21NEOMST14002O1","ENCSP1","Y","Enchytraeidae sp.",,"family","Annelida","Clitellata","Oligochaeta","Oligochaeta",,,"Enchytraeida",,,,"Enchytraeidae",,,,,"sp.",,"none",3,,1,100,1,"N","N","condition OK","Y",,"Kathman and Brinkhurst, 1999","N","Rhithron Associates, Inc.","A. Fasbender",,
"17f270de-10c1-4912-bb4e-78ed3feccc18","D08","MAYF","MAYF.AOS.reach","2021-07-21T14:02Z","2022-01-11","MAYF.20210721.SNAG.4","A00000147685",,"PARSP26","Y","Parametriocnemus sp.",,"genus","Arthropoda","Hexapoda","Insecta","Pterygota","Neoptera","Holometabola","Diptera","Nematocera","Culicomorpha",,"Chironomidae","Orthocladiinae",,,"Parametriocnemus","sp.",,"larva",1,,2,100,2,"N","N","condition OK","Y",,"Weiderholm, 1983; Weiderholm, 1986; Epler 2001; Ferrington et al. 2019; Andersen, Cranston and Epler 2013","N","Rhithron Associates, Inc.","A. Fasbender",,
"c35b3cc4-b15a-444b-a305-09e1978a4463","D08","MAYF","MAYF.AOS.reach","2021-07-21T14:02Z","2022-01-11","MAYF.20210721.SNAG.4","A00000147685",,"HYDSP5","Y","Hydroptilidae sp.",,"family","Arthropoda","Hexapoda","Insecta","Pterygota","Neoptera","Holometabola","Trichoptera",,,"Hydroptiloidea","Hydroptilidae",,,,,"sp.",,"pupa",2,,2,100,2,"N","N","condition OK","N",,"Wiggins 1996; Merritt et al. 2019","N","Rhithron Associates, Inc.","J. Webb",,
"8c3037a5-03c3-4f94-b5d2-f4622fb5384b","D08","MAYF","MAYF.AOS.reach","2021-07-21T14:02Z","2022-01-11","MAYF.20210721.CORE.1","A00000147671",,"DJASP","Y","Djalmabatista sp.",,"genus","Arthropoda","Hexapoda","Insecta","Pterygota","Neoptera","Holometabola","Diptera","Nematocera","Culicomorpha",,"Chironomidae","Tanypodinae","Procladiini",,"Djalmabatista","sp.",,"larva",6,,1,100,1,"N","N","condition OK","Y",,"Weiderholm, 1983; Weiderholm, 1986; Epler 2001; Ferrington et al. 2019; Andersen, Cranston and Epler 2013","N","Rhithron Associates, Inc.","A. Fasbender",,
"fcde4d5c-2516-4ea0-9231-e8bf1039f0f3","D08","MAYF","MAYF.AOS.reach","2021-07-21T14:02Z","2022-01-11","MAYF.20210721.SNAG.5","A00000147686","BA21NEOMST14001O1","NAISP","Y","Naididae sp.",,"family","Annelida","Clitellata","Oligochaeta","Oligochaeta",,,"Tubificida",,,,"Naididae",,,,,"sp.",,"none",2,,1,100,1,"Y","N","condition OK","Y",,"Kathman and Brinkhurst, 1999","Y","Rhithron Associates, Inc.","A. Fasbender","w/o HC",
"dad27199-d6f5-4b75-a95e-2596304677da","D08","MAYF","MAYF.AOS.reach","2021-07-21T14:02Z","2022-01-11","MAYF.20210721.SNAG.1","A00000147669",,"PARSP26","Y","Parametriocnemus sp.",,"genus","Arthropoda","Hexapoda","Insecta","Pterygota","Neoptera","Holometabola","Diptera","Nematocera","Culicomorpha",,"Chironomidae","Orthocladiinae",,,"Parametriocnemus","sp.",,"larva",2,,1,100,1,"N","N","condition OK","Y",,"Weiderholm, 1983; Weiderholm, 1986; Epler 2001; Ferrington et al. 2019; Andersen, Cranston and Epler 2013","N","Rhithron Associates, Inc.","A. Fasbender",,
"6820653f-8fb0-480e-9c59-0a556cf0daae","D08","MAYF","MAYF.AOS.reach","2021-07-21T14:02Z","2022-01-11","MAYF.20210721.SNAG.5","A00000147686",,"PARSP26","Y","Parametriocnemus sp.",,"genus","Arthropoda","Hexapoda","Insecta","Pterygota","Neoptera","Holometabola","Diptera","Nematocera","Culicomorpha",,"Chironomidae","Orthocladiinae",,,"Parametriocnemus","sp.",,"larva",2,,7,100,7,"N","N","condition OK","Y",,"Weiderholm, 1983; Weiderholm, 1986; Epler 2001; Ferrington et al. 2019; Andersen, Cranston and Epler 2013","Y","Rhithron Associates, Inc.","A. Fasbender",,
"a93d793c-111b-4ffc-8885-206f909e0f5a","D08","MAYF","MAYF.AOS.reach","2021-07-21T14:02Z","2022-01-11","MAYF.20210721.CORE.2","A00000147673",,"PARSP25","Y","Parakiefferiella sp.",,"genus","Arthropoda","Hexapoda","Insecta","Pterygota","Neoptera","Holometabola","Diptera","Nematocera","Culicomorpha",,"Chironomidae","Orthocladiinae",,,"Parakiefferiella","sp.",,"larva",2,,1,100,1,"N","N","condition OK","Y",,"Weiderholm, 1983; Weiderholm, 1986; Epler 2001; Ferrington et al. 2019; Andersen, Cranston and Epler 2013","N","Rhithron Associates, Inc.","A. Fasbender",,
"fde5d6d0-9b60-430f-8218-31e57eb04e9d","D08","MAYF","MAYF.AOS.reach","2021-07-21T14:02Z","2022-01-11","MAYF.20210721.SNAG.4","A00000147685",,"LEUSP8","Y","Leuctra sp.",,"genus","Arthropoda","Hexapoda","Insecta","Pterygota","Neoptera","Polyneoptera","Plecoptera","Euholognatha",,,"Leuctridae","Leuctrinae",,,"Leuctra","sp.",,"larva",3,,36,100,36,"N","N","condition OK","Y",,"Stewart and Stark 2002; Merritt et al. 2019","N","Rhithron Associates, Inc.","J. Webb",,
"7db0ca1d-564a-4854-9990-58c841b2eb6f","D08","MAYF","MAYF.AOS.reach","2021-07-21T14:02Z","2022-01-11","MAYF.20210721.SNAG.2","A00000147674",,"STESP6","Y","Stenelmis sp.",,"genus","Arthropoda","Hexapoda","Insecta","Pterygota","Neoptera","Holometabola","Coleoptera","Polyphaga","Elateriformia","Byrrhoidea","Elmidae","Elminae","Elmini",,"Stenelmis","sp.",,"larva",1,,4,100,4,"N","N","condition OK","Y",,"Brown 1972; Merritt et al. 2019","N","Rhithron Associates, Inc.","B. Moore",,
"38e73caa-62c6-40b6-9948-22e8d9ee7a52","D08","MAYF","MAYF.AOS.reach","2021-07-21T14:02Z","2022-01-11","MAYF.20210721.SNAG.5","A00000147686",,"POLSP13","Y","Polypedilum sp.",,"genus","Arthropoda","Hexapoda","Insecta","Pterygota","Neoptera","Holometabola","Diptera","Nematocera","Culicomorpha",,"Chironomidae","Chironominae","Chironomini",,"Polypedilum","sp.",,"larva",1,,1,100,1,"Y","N","condition OK","Y",,"Weiderholm, 1983; Weiderholm, 1986; Epler 2001; Ferrington et al. 2008; Andersen, Cranston and Epler 2013","Y","Rhithron Associates, Inc.","A. Fasbender",,
"5a93996e-fe47-48b0-b0b0-4021c8d80e13","D08","MAYF","MAYF.AOS.reach","2021-07-21T14:02Z","2022-01-11","MAYF.20210721.SNAG.4","A00000147685",,"CRISP6","Y","Cricotopus/Orthocladius sp.",,"speciesGroup","Arthropoda","Hexapoda","Insecta","Pterygota","Neoptera","Holometabola","Diptera","Nematocera","Culicomorpha",,"Chironomidae","Orthocladiinae",,,"Cricotopus/Orthocladius","sp.",,"larva",1,,1,100,1,"Y","N","condition OK","N",,"Weiderholm, 1983; Weiderholm, 1986; Epler 2001; Ferrington et al. 2008; Andersen, Cranston and Epler 2013","N","Rhithron Associates, Inc.","A. Fasbender",,
"5c99ad81-d73f-4acc-9611-ad3670dab6b3","D08","MAYF","MAYF.AOS.reach","2021-07-21T14:02Z","2022-01-11","MAYF.20210721.SNAG.1","A00000147669",,"NEMSP","Y","Nematoda sp.",,"phylum","Nematoda",,,,,,,,,,,,,,,"sp.",,"none",2,,2,100,2,"N","N","condition OK","Y",,"Thorp and Rogers 2016","N","Rhithron Associates, Inc.","B. Moore",,
"a7b57bbe-1ade-46f3-af60-2beb133ecf5a","D08","MAYF","MAYF.AOS.reach","2021-07-21T14:02Z","2022-01-11","MAYF.20210721.SNAG.5","A00000147686",,"HYDSP24","Y","Hydroptila sp.",,"genus","Arthropoda","Hexapoda","Insecta","Pterygota","Neoptera","Holometabola","Trichoptera",,,"Hydroptiloidea","Hydroptilidae","Hydroptilinae","Hydroptilini",,"Hydroptila","sp.",,"larva",2,,2,100,2,"N","N","condition OK","Y",,"Wiggins 1996; Merritt et al. 2019","Y","Rhithron Associates, Inc.","J. Webb",,
"dbb3a8ff-96ec-4027-b70c-e4aa2d983cd9","D08","MAYF","MAYF.AOS.reach","2021-07-21T14:02Z","2022-01-11","MAYF.20210721.SNAG.5","A00000147686",,"THIGRO","Y","Thienemannimyia gr.",,"speciesGroup","Arthropoda","Hexapoda","Insecta","Pterygota","Neoptera","Holometabola","Diptera","Nematocera","Culicomorpha",,"Chironomidae","Tanypodinae","Pentaneurini",,"Thienemannimyia","gr.",,"larva",2,,6,100,6,"Y","N","condition OK","Y",,"Weiderholm, 1983; Weiderholm, 1986; Epler 2001; Ferrington et al. 2008; Andersen, Cranston and Epler 2017","Y","Rhithron Associates, Inc.","A. Fasbender",,
"6d688b71-686f-42fb-9520-52f42d0e2d75","D08","MAYF","MAYF.AOS.reach","2021-07-21T14:02Z","2022-01-11","MAYF.20210721.SNAG.4","A00000147685",,"ANCVAR1","Y","Ancyronyx variegata",,"species","Arthropoda","Hexapoda","Insecta","Pterygota","Neoptera","Holometabola","Coleoptera","Polyphaga","Elateriformia","Byrrhoidea","Elmidae","Elminae","Ancyronychini",,"Ancyronyx","variegata",,"larva",2,,1,100,1,"N","N","condition OK","Y",,"Merritt et al. 2019","N","Rhithron Associates, Inc.","J. Webb",,
"5070716e-0144-4028-b9f9-59c29f6cc81e","D08","MAYF","MAYF.AOS.reach","2021-07-21T14:02Z","2022-01-11","MAYF.20210721.SNAG.3","A00000147675",,"PARSP26","Y","Parametriocnemus sp.",,"genus","Arthropoda","Hexapoda","Insecta","Pterygota","Neoptera","Holometabola","Diptera","Nematocera","Culicomorpha",,"Chironomidae","Orthocladiinae",,,"Parametriocnemus","sp.",,"larva",2,,2,100,2,"N","N","condition OK","Y",,"Weiderholm, 1983; Weiderholm, 1986; Epler 2001; Ferrington et al. 2019; Andersen, Cranston and Epler 2013","N","Rhithron Associates, Inc.","A. Fasbender",,
"d770c9ab-d5a1-4554-b991-e5cf4eddef9d","D08","MAYF","MAYF.AOS.reach","2021-07-21T14:02Z","2022-01-11","MAYF.20210721.SNAG.4","A00000147685",,"PSESP18","Y","Pseudochironomus sp.",,"genus","Arthropoda","Hexapoda","Insecta","Pterygota","Neoptera","Holometabola","Diptera","Nematocera","Culicomorpha",,"Chironomidae","Chironominae","Pseudochironomini",,"Pseudochironomus","sp.",,"larva",4,,1,100,1,"N","N","condition OK","Y",,"Weiderholm, 1983; Weiderholm, 1986; Epler 2001; Ferrington et al. 2019; Andersen, Cranston and Epler 2013","N","Rhithron Associates, Inc.","A. Fasbender",,
"3a087362-48e3-434e-96a4-7418008f993d","D08","MAYF","MAYF.AOS.reach","2021-07-21T14:02Z","2022-01-11","MAYF.20210721.SNAG.4","A00000147685",,"HYDSP24","Y","Hydroptila sp.",,"genus","Arthropoda","Hexapoda","Insecta","Pterygota","Neoptera","Holometabola","Trichoptera",,,"Hydroptiloidea","Hydroptilidae","Hydroptilinae","Hydroptilini",,"Hydroptila","sp.",,"larva",2,,5,100,5,"N","N","condition OK","Y",,"Wiggins 1996; Merritt et al. 2019","N","Rhithron Associates, Inc.","J. Webb",,
"1a9926ab-7129-4583-833f-31dc7cc7bf7d","D08","MAYF","MAYF.AOS.reach","2021-07-21T14:02Z","2022-01-11","MAYF.20210721.SNAG.3","A00000147675",,"THIGRO","Y","Thienemannimyia gr.",,"speciesGroup","Arthropoda","Hexapoda","Insecta","Pterygota","Neoptera","Holometabola","Diptera","Nematocera","Culicomorpha",,"Chironomidae","Tanypodinae","Pentaneurini",,"Thienemannimyia","gr.",,"larva",3,,1,100,1,"Y","N","condition OK","Y",,"Weiderholm, 1983; Weiderholm, 1986; Epler 2001; Ferrington et al. 2008; Andersen, Cranston and Epler 2017","N","Rhithron Associates, Inc.","A. Fasbender",,
"16e651c6-5f07-4205-a352-ecc71ede941b","D08","MAYF","MAYF.AOS.reach","2021-07-21T14:02Z","2022-01-11","MAYF.20210721.SNAG.3","A00000147675",,"PARSP26","Y","Parametriocnemus sp.",,"genus","Arthropoda","Hexapoda","Insecta","Pterygota","Neoptera","Holometabola","Diptera","Nematocera","Culicomorpha",,"Chironomidae","Orthocladiinae",,,"Parametriocnemus","sp.",,"larva",1,,1,100,1,"N","N","condition OK","Y",,"Weiderholm, 1983; Weiderholm, 1986; Epler 2001; Ferrington et al. 2019; Andersen, Cranston and Epler 2013","N","Rhithron Associates, Inc.","A. Fasbender",,
"30373b75-db4d-4c33-9955-47a3601a3e23","D08","MAYF","MAYF.AOS.reach","2021-07-21T14:02Z","2022-01-11","MAYF.20210721.SNAG.5","A00000147686",,"STESP6","Y","Stenelmis sp.",,"genus","Arthropoda","Hexapoda","Insecta","Pterygota","Neoptera","Holometabola","Coleoptera","Polyphaga","Elateriformia","Byrrhoidea","Elmidae","Elminae","Elmini",,"Stenelmis","sp.",,"adult",3,,1,100,1,"N","N","condition OK","Y",,"Brown 1972; Merritt et al. 2019","Y","Rhithron Associates, Inc.","J. Webb",,
"07ab3d93-65d8-4d3b-a6ed-d1f712496beb","D08","MAYF","MAYF.AOS.reach","2021-07-21T14:02Z","2022-01-11","MAYF.20210721.SNAG.2","A00000147674",,"PARSP26","Y","Parametriocnemus sp.",,"genus","Arthropoda","Hexapoda","Insecta","Pterygota","Neoptera","Holometabola","Diptera","Nematocera","Culicomorpha",,"Chironomidae","Orthocladiinae",,,"Parametriocnemus","sp.",,"larva",2,,1,100,1,"N","N","condition OK","Y",,"Weiderholm, 1983; Weiderholm, 1986; Epler 2001; Ferrington et al. 2019; Andersen, Cranston and Epler 2013","N","Rhithron Associates, Inc.","A. Fasbender",,
"db1a86fd-db15-46d5-8e7f-0ce384bef694","D08","MAYF","MAYF.AOS.reach","2021-07-21T14:02Z","2022-01-11","MAYF.20210721.SNAG.4","A00000147685",,"HEPSP","Y","Heptageniidae sp.",,"family","Arthropoda","Hexapoda","Insecta","Pterygota","Palaeoptera",,"Ephemeroptera","Pisciforma",,"Heptagenioidea","Heptageniidae",,,,,"sp.",,"larva",3,,1,100,1,"N","N","damaged, affecting taxonomy and measurement","Y",,"Merritt et al. 2019","N","Rhithron Associates, Inc.","J. Webb","Maccaffertium/Stenonema head",
"7fae5d77-73fd-4899-826c-4afc872baee1","D08","MAYF","MAYF.AOS.reach","2021-07-21T14:02Z","2022-01-11","MAYF.20210721.SNAG.5","A00000147686",,"ORISP1","Y","Oribatida sp.",,"suborder","Arthropoda","Chelicerata","Arachnida","Acari",,"Acariformes","Sarcoptiformes","Oribatida",,,,,,,,"sp.",,"adult",1,,1,100,1,"N","N","condition OK","Y",,"Thorp and Rogers 2016","Y","Rhithron Associates, Inc.","J. Webb",,
"22de7866-be7f-4de1-9a45-cb99c983265a","D08","MAYF","MAYF.AOS.reach","2021-07-21T14:02Z","2022-01-11","MAYF.20210721.SNAG.4","A00000147685",,"STESP6","Y","Stenelmis sp.",,"genus","Arthropoda","Hexapoda","Insecta","Pterygota","Neoptera","Holometabola","Coleoptera","Polyphaga","Elateriformia","Byrrhoidea","Elmidae","Elminae","Elmini",,"Stenelmis","sp.",,"adult",3,,14,100,14,"N","N","condition OK","Y",,"Brown 1972; Merritt et al. 2019","N","Rhithron Associates, Inc.","J. Webb",,
"eb01d6b4-2ee4-4dbc-8ee1-bd364ba62fa0","D08","MAYF","MAYF.AOS.reach","2021-07-21T14:02Z","2022-01-11","MAYF.20210721.SNAG.3","A00000147675",,"LEUSP8","Y","Leuctra sp.",,"genus","Arthropoda","Hexapoda","Insecta","Pterygota","Neoptera","Polyneoptera","Plecoptera","Euholognatha",,,"Leuctridae","Leuctrinae",,,"Leuctra","sp.",,"larva",2,,2,100,2,"N","N","condition OK","Y",,"Stewart and Stark 2002; Merritt et al. 2019","N","Rhithron Associates, Inc.","B. Moore",,
"18e249d3-a1e7-4abf-9280-926ebd9e2edf","D08","MAYF","MAYF.AOS.reach","2021-07-21T14:02Z","2022-01-11","MAYF.20210721.SNAG.4","A00000147685",,"PSESP18","Y","Pseudochironomus sp.",,"genus","Arthropoda","Hexapoda","Insecta","Pterygota","Neoptera","Holometabola","Diptera","Nematocera","Culicomorpha",,"Chironomidae","Chironominae","Pseudochironomini",,"Pseudochironomus","sp.",,"larva",1,,3,100,3,"N","N","condition OK","Y",,"Weiderholm, 1983; Weiderholm, 1986; Epler 2001; Ferrington et al. 2019; Andersen, Cranston and Epler 2013","N","Rhithron Associates, Inc.","A. Fasbender",,
"7111da4c-2c7c-4cad-9d2b-09a994c2750b","D08","MAYF","MAYF.AOS.reach","2021-07-21T14:02Z","2022-01-11","MAYF.20210721.SNAG.5","A00000147686",,"PSESP18","Y","Pseudochironomus sp.",,"genus","Arthropoda","Hexapoda","Insecta","Pterygota","Neoptera","Holometabola","Diptera","Nematocera","Culicomorpha",,"Chironomidae","Chironominae","Pseudochironomini",,"Pseudochironomus","sp.",,"larva",1,,4,100,4,"N","N","condition OK","Y",,"Weiderholm, 1983; Weiderholm, 1986; Epler 2001; Ferrington et al. 2019; Andersen, Cranston and Epler 2013","Y","Rhithron Associates, Inc.","A. Fasbender",,
"cffb6015-09d6-484e-a9bb-57614d800ffb","D08","MAYF","MAYF.AOS.reach","2021-07-21T14:02Z","2022-01-11","MAYF.20210721.SNAG.1","A00000147669",,"THISP2","Y","Thienemanniella sp.",,"genus","Arthropoda","Hexapoda","Insecta","Pterygota","Neoptera","Holometabola","Diptera","Nematocera","Culicomorpha",,"Chironomidae","Orthocladiinae",,,"Thienemanniella","sp.",,"larva",1,,3,100,3,"N","N","condition OK","Y",,"Weiderholm, 1983; Weiderholm, 1986; Epler 2001; Ferrington et al. 2019; Andersen, Cranston and Epler 2013","N","Rhithron Associates, Inc.","A. Fasbender",,
"1e627d3e-70e0-4f7b-8972-8e52b080fc79","D08","MAYF","MAYF.AOS.reach","2021-07-21T14:02Z","2022-01-11","MAYF.20210721.SNAG.4","A00000147685",,"PSESP18","Y","Pseudochironomus sp.",,"genus","Arthropoda","Hexapoda","Insecta","Pterygota","Neoptera","Holometabola","Diptera","Nematocera","Culicomorpha",,"Chironomidae","Chironominae","Pseudochironomini",,"Pseudochironomus","sp.",,"larva",2,,14,100,14,"N","N","condition OK","Y",,"Weiderholm, 1983; Weiderholm, 1986; Epler 2001; Ferrington et al. 2019; Andersen, Cranston and Epler 2013","N","Rhithron Associates, Inc.","A. Fasbender",,
"6d74ed26-8fb2-4b8c-9346-15641edc4cfa","D08","MAYF","MAYF.AOS.reach","2021-07-21T14:02Z","2022-01-11","MAYF.20210721.SNAG.5","A00000147686",,"HEMSP4","Y","Hemerodromia sp.",,"genus","Arthropoda","Hexapoda","Insecta","Pterygota","Neoptera","Holometabola","Diptera","Brachycera","Muscomorpha",,"Empididae","Hemerodromiinae","Hemerodromiini",,"Hemerodromia","sp.",,"larva",1,,4,100,4,"N","N","condition OK","Y",,"Merritt et al. 2019","Y","Rhithron Associates, Inc.","J. Webb",,
"a1188ac4-8c98-4864-9b69-f575992d02a8","D08","MAYF","MAYF.AOS.reach","2021-07-21T14:02Z","2022-01-11","MAYF.20210721.SNAG.5","A00000147686",,"PARSP26","Y","Parametriocnemus sp.",,"genus","Arthropoda","Hexapoda","Insecta","Pterygota","Neoptera","Holometabola","Diptera","Nematocera","Culicomorpha",,"Chironomidae","Orthocladiinae",,,"Parametriocnemus","sp.",,"larva",1,,8,100,8,"N","N","condition OK","Y",,"Weiderholm, 1983; Weiderholm, 1986; Epler 2001; Ferrington et al. 2019; Andersen, Cranston and Epler 2013","Y","Rhithron Associates, Inc.","A. Fasbender",,
"ccb9415a-1267-4fa6-a776-b4db0a99b74d","D08","MAYF","MAYF.AOS.reach","2021-07-21T14:02Z","2022-01-11","MAYF.20210721.SNAG.5","A00000147686",,"PARSP26","Y","Parametriocnemus sp.",,"genus","Arthropoda","Hexapoda","Insecta","Pterygota","Neoptera","Holometabola","Diptera","Nematocera","Culicomorpha",,"Chironomidae","Orthocladiinae",,,"Parametriocnemus","sp.",,"larva",3,,3,100,3,"N","N","condition OK","Y",,"Weiderholm, 1983; Weiderholm, 1986; Epler 2001; Ferrington et al. 2019; Andersen, Cranston and Epler 2013","Y","Rhithron Associates, Inc.","A. Fasbender",,
"8c1cb16a-f765-4f56-aafe-230bc1c647a2","D08","MAYF","MAYF.AOS.reach","2021-07-21T14:02Z","2022-01-11","MAYF.20210721.CORE.3","A00000147676",,"CORSP19","Y","Corynoneura sp.",,"genus","Arthropoda","Hexapoda","Insecta","Pterygota","Neoptera","Holometabola","Diptera","Nematocera","Culicomorpha",,"Chironomidae","Orthocladiinae",,,"Corynoneura","sp.",,"larva",1,,1,100,1,"N","N","condition OK","Y",,"Weiderholm, 1983; Weiderholm, 1986; Epler 2001; Ferrington et al. 2019; Andersen, Cranston and Epler 2013","N","Rhithron Associates, Inc.","A. Fasbender",,
"b04f3f44-31d7-42e7-9ce4-e9ce774dd21c","D08","MAYF","MAYF.AOS.reach","2021-07-21T14:02Z","2022-01-11","MAYF.20210721.SNAG.5","A00000147686",,"LEUSP8","Y","Leuctra sp.",,"genus","Arthropoda","Hexapoda","Insecta","Pterygota","Neoptera","Polyneoptera","Plecoptera","Euholognatha",,,"Leuctridae","Leuctrinae",,,"Leuctra","sp.",,"larva",3,,34,100,34,"N","N","condition OK","Y",,"Stewart and Stark 2002; Merritt et al. 2019","Y","Rhithron Associates, Inc.","J. Webb",,
"6b1027d4-be80-45a6-8fa8-ad60e4af3e09","D08","MAYF","MAYF.AOS.reach","2021-07-21T14:02Z","2022-01-11","MAYF.20210721.SNAG.5","A00000147686",,"DIPSP8","Y","Diplectrona sp.",,"genus","Arthropoda","Hexapoda","Insecta","Pterygota","Neoptera","Holometabola","Trichoptera",,,"Hydropsychoidea","Hydropsychidae","Diplectroninae",,,"Diplectrona","sp.",,"larva",3,,2,100,2,"N","N","condition OK","Y",,"Wiggins 1996","Y","Rhithron Associates, Inc.","J. Webb",,
"b65d0475-c900-4885-aacf-0918abb938d2","D08","MAYF","MAYF.AOS.reach","2021-07-21T14:02Z","2022-01-11","MAYF.20210721.SNAG.4","A00000147685",,"STESP6","Y","Stenelmis sp.",,"genus","Arthropoda","Hexapoda","Insecta","Pterygota","Neoptera","Holometabola","Coleoptera","Polyphaga","Elateriformia","Byrrhoidea","Elmidae","Elminae","Elmini",,"Stenelmis","sp.",,"larva",1,,23,100,23,"N","N","condition OK","N",,"Brown 1972; Merritt et al. 2019","N","Rhithron Associates, Inc.","J. Webb",,
"cda8f781-8c76-4aa1-9e12-99527e09e922","D08","MAYF","MAYF.AOS.reach","2021-07-21T14:02Z","2022-01-11","MAYF.20210721.SNAG.1","A00000147669","BA21NEOMST14005O1","ENCSP1","Y","Enchytraeidae sp.",,"family","Annelida","Clitellata","Oligochaeta","Oligochaeta",,,"Enchytraeida",,,,"Enchytraeidae",,,,,"sp.",,"none",1,,1,100,1,"N","N","condition OK","Y",,"Kathman and Brinkhurst, 1999","N","Rhithron Associates, Inc.","A. Fasbender",,
"9534f645-a66e-46a1-a112-07b85ca22471","D08","MAYF","MAYF.AOS.reach","2021-07-21T14:02Z","2022-01-11","MAYF.20210721.SNAG.5","A00000147686",,"NILSP","Y","Nilotanypus sp.",,"genus","Arthropoda","Hexapoda","Insecta","Pterygota","Neoptera","Holometabola","Diptera","Nematocera","Culicomorpha",,"Chironomidae","Tanypodinae","Pentaneurini",,"Nilotanypus","sp.",,"larva",1,,7,100,7,"N","N","condition OK","Y",,"Weiderholm, 1983; Weiderholm, 1986; Epler 2001; Ferrington et al. 2019; Andersen, Cranston and Epler 2013","Y","Rhithron Associates, Inc.","A. Fasbender",,
"875d7143-a705-4274-b3db-9d33e971a0a0","D08","MAYF","MAYF.AOS.reach","2021-07-21T14:02Z","2022-01-11","MAYF.20210721.SNAG.4","A00000147685",,"CRISP6","Y","Cricotopus/Orthocladius sp.",,"speciesGroup","Arthropoda","Hexapoda","Insecta","Pterygota","Neoptera","Holometabola","Diptera","Nematocera","Culicomorpha",,"Chironomidae","Orthocladiinae",,,"Cricotopus/Orthocladius","sp.",,"larva",2,,4,100,4,"Y","N","condition OK","N",,"Weiderholm, 1983; Weiderholm, 1986; Epler 2001; Ferrington et al. 2008; Andersen, Cranston and Epler 2013","N","Rhithron Associates, Inc.","A. Fasbender",,
"3d68df6e-6f7a-4e43-82f0-bc7b39bb8d3c","D08","MAYF","MAYF.AOS.reach","2021-07-21T14:02Z","2022-01-11","MAYF.20210721.SNAG.1","A00000147669",,"POLSP13","Y","Polypedilum sp.",,"genus","Arthropoda","Hexapoda","Insecta","Pterygota","Neoptera","Holometabola","Diptera","Nematocera","Culicomorpha",,"Chironomidae","Chironominae","Chironomini",,"Polypedilum","sp.",,"larva",1,,1,100,1,"Y","N","condition OK","Y",,"Weiderholm, 1983; Weiderholm, 1986; Epler 2001; Ferrington et al. 2008; Andersen, Cranston and Epler 2013","N","Rhithron Associates, Inc.","A. Fasbender",,
"c1f2e085-6b8d-4d3d-9f81-eba98650da03","D08","MAYF","MAYF.AOS.reach","2021-07-21T14:02Z","2022-01-11","MAYF.20210721.SNAG.4","A00000147685",,"SIMSP","Y","Simuliidae sp.",,"family","Arthropoda","Hexapoda","Insecta","Pterygota","Neoptera","Holometabola","Diptera","Nematocera","Culicomorpha",,"Simuliidae",,,,,"sp.",,"larva",1,,4,100,4,"Y","N","condition OK","N",,"Adler et al. 2004; Merritt et al. 2019","N","Rhithron Associates, Inc.","J. Webb",,
"1034dbc4-bc3d-493e-9821-2ef005d03e73","D08","MAYF","MAYF.AOS.reach","2021-07-21T14:02Z","2022-01-11","MAYF.20210721.SNAG.5","A00000147686",,"PSESP18","Y","Pseudochironomus sp.",,"genus","Arthropoda","Hexapoda","Insecta","Pterygota","Neoptera","Holometabola","Diptera","Nematocera","Culicomorpha",,"Chironomidae","Chironominae","Pseudochironomini",,"Pseudochironomus","sp.",,"larva",2,,2,100,2,"N","N","condition OK","Y",,"Weiderholm, 1983; Weiderholm, 1986; Epler 2001; Ferrington et al. 2019; Andersen, Cranston and Epler 2013","Y","Rhithron Associates, Inc.","A. Fasbender",,
"dd8b6104-e7d8-4765-b90f-5b14991932e0","D08","MAYF","MAYF.AOS.reach","2021-07-21T14:02Z","2022-01-11","MAYF.20210721.SNAG.4","A00000147685",,"MAYSP","Y","Mayatrichia sp.",,"genus","Arthropoda","Hexapoda","Insecta","Pterygota","Neoptera","Holometabola","Trichoptera",,,"Hydroptiloidea","Hydroptilidae","Hydroptilinae","Neotrichiini",,"Mayatrichia","sp.",,"larva",1,,5,100,5,"N","N","condition OK","Y",,"Wiggins 1996; Merritt et al. 2019","N","Rhithron Associates, Inc.","J. Webb","Reference Collection(1)",
"f3a7fe34-ce0f-424d-89e3-d227453288c7","D08","MAYF","MAYF.AOS.reach","2021-07-21T14:02Z","2022-01-11","MAYF.20210721.SNAG.5","A00000147686",,"TANSP11","Y","Tanytarsus sp.",,"genus","Arthropoda","Hexapoda","Insecta","Pterygota","Neoptera","Holometabola","Diptera","Nematocera","Culicomorpha",,"Chironomidae","Chironominae","Tanytarsini",,"Tanytarsus","sp.",,"pupa",2,,1,100,1,"N","N","condition OK","N",,"Weiderholm, 1983; Weiderholm, 1986; Epler 2001; Ferrington et al. 2019; Andersen, Cranston and Epler 2013","Y","Rhithron Associates, Inc.","A. Fasbender",,
"67ec4b4b-5e33-433d-b058-c744aeb051dc","D08","MAYF","MAYF.AOS.reach","2021-07-21T14:02Z","2022-01-11","MAYF.20210721.SNAG.4","A00000147685",,"PARSP26","Y","Parametriocnemus sp.",,"genus","Arthropoda","Hexapoda","Insecta","Pterygota","Neoptera","Holometabola","Diptera","Nematocera","Culicomorpha",,"Chironomidae","Orthocladiinae",,,"Parametriocnemus","sp.",,"larva",3,,3,100,3,"N","N","condition OK","Y",,"Weiderholm, 1983; Weiderholm, 1986; Epler 2001; Ferrington et al. 2019; Andersen, Cranston and Epler 2013","N","Rhithron Associates, Inc.","A. Fasbender",,
"61c782ef-ea46-4725-9bcf-8c6f14b2b009","D08","MAYF","MAYF.AOS.reach","2021-07-21T14:02Z","2022-01-11","MAYF.20210721.SNAG.5","A00000147686",,"EMPSP","Y","Empididae sp.",,"family","Arthropoda","Hexapoda","Insecta","Pterygota","Neoptera","Holometabola","Diptera","Brachycera","Muscomorpha",,"Empididae",,,,,"sp.",,"larva",1,,1,100,1,"N","N","damaged, affecting taxonomy and measurement","N",,"Merritt et al. 2019","Y","Rhithron Associates, Inc.","J. Webb",,
"97732dbb-5850-45ef-880d-4dc1024d3a60","D08","MAYF","MAYF.AOS.reach","2021-07-21T14:02Z","2022-01-11","MAYF.20210721.SNAG.2","A00000147674",,"ORISP1","Y","Oribatida sp.",,"suborder","Arthropoda","Chelicerata","Arachnida","Acari",,"Acariformes","Sarcoptiformes","Oribatida",,,,,,,,"sp.",,"adult",1,,1,100,1,"N","N","condition OK","Y",,"Thorp and Rogers 2016","N","Rhithron Associates, Inc.","B. Moore",,
"4a86051f-baf1-4d09-b2bb-f7aaf4eb302d","D08","MAYF","MAYF.AOS.reach","2021-07-21T14:02Z","2022-01-11","MAYF.20210721.SNAG.4","A00000147685",,"PARSP26","Y","Parametriocnemus sp.",,"genus","Arthropoda","Hexapoda","Insecta","Pterygota","Neoptera","Holometabola","Diptera","Nematocera","Culicomorpha",,"Chironomidae","Orthocladiinae",,,"Parametriocnemus","sp.",,"larva",2,,9,100,9,"N","N","condition OK","Y",,"Weiderholm, 1983; Weiderholm, 1986; Epler 2001; Ferrington et al. 2019; Andersen, Cranston and Epler 2013","N","Rhithron Associates, Inc.","A. Fasbender",,
"6bba7909-7423-4998-b466-df6cad9a7103","D08","MAYF","MAYF.AOS.reach","2021-07-21T14:02Z","2022-01-11","MAYF.20210721.SNAG.4","A00000147685",,"CRISP6","Y","Cricotopus/Orthocladius sp.",,"speciesGroup","Arthropoda","Hexapoda","Insecta","Pterygota","Neoptera","Holometabola","Diptera","Nematocera","Culicomorpha",,"Chironomidae","Orthocladiinae",,,"Cricotopus/Orthocladius","sp.",,"larva",3,,2,100,2,"Y","N","condition OK","N",,"Weiderholm, 1983; Weiderholm, 1986; Epler 2001; Ferrington et al. 2008; Andersen, Cranston and Epler 2013","N","Rhithron Associates, Inc.","A. Fasbender",,
"030240c3-3c40-4f6e-81d9-1524e9b0c629","D08","MAYF","MAYF.AOS.reach","2021-07-21T14:02Z","2022-01-11","MAYF.20210721.SNAG.4","A00000147685",,"HYDSP5","Y","Hydroptilidae sp.",,"family","Arthropoda","Hexapoda","Insecta","Pterygota","Neoptera","Holometabola","Trichoptera",,,"Hydroptiloidea","Hydroptilidae",,,,,"sp.",,"larva",1,,6,100,6,"Y","N","condition OK","N",,"Wiggins 1996; Merritt et al. 2019","N","Rhithron Associates, Inc.","J. Webb",,
"db50baaa-9875-45e8-8316-f234fa70e8e4","D08","MAYF","MAYF.AOS.reach","2021-07-21T14:02Z","2022-01-11","MAYF.20210721.SNAG.5","A00000147686",,"NIGSP","Y","Nigronia sp.",,"genus","Arthropoda","Hexapoda","Insecta","Pterygota","Neoptera","Neuropterida","Megaloptera",,,,"Corydalidae","Chauliodinae",,,"Nigronia","sp.",,"larva",5,,1,100,1,"N","N","condition OK","Y",,"Merritt et al. 2019","Y","Rhithron Associates, Inc.","J. Webb",,
"24f2bae1-ab4c-4873-b20a-bd8c38d1a605","D08","MAYF","MAYF.AOS.reach","2021-07-21T14:02Z","2022-01-11","MAYF.20210721.CORE.2","A00000147673",,"ORTSP1","Y","Orthocladiinae sp.",,"subfamily","Arthropoda","Hexapoda","Insecta","Pterygota","Neoptera","Holometabola","Diptera","Nematocera","Culicomorpha",,"Chironomidae","Orthocladiinae",,,,"sp.",,"larva",2,,1,100,1,"Y","N","condition OK","N",,"Weiderholm, 1983; Weiderholm, 1986; Epler 2001; Ferrington et al. 2019; Andersen, Cranston and Epler 2013","N","Rhithron Associates, Inc.","A. Fasbender",,
"7134819c-c78f-4f20-a08e-772fb5b17495","D08","MAYF","MAYF.AOS.reach","2021-07-21T14:02Z","2022-01-11","MAYF.20210721.SNAG.2","A00000147674",,"HEMSP3","Y","Hemerodromiinae sp.",,"subfamily","Arthropoda","Hexapoda","Insecta","Pterygota","Neoptera","Holometabola","Diptera","Brachycera","Muscomorpha",,"Empididae","Hemerodromiinae",,,,"sp.",,"larva",3,,1,100,1,"Y","N","condition OK","Y",,"Merrit, Cumming and Berg 2019","N","Rhithron Associates, Inc.","B. Moore",,
"035a657b-b36c-4989-975d-f599a648357a","D08","MAYF","MAYF.AOS.reach","2021-07-21T14:02Z","2022-01-11","MAYF.20210721.SNAG.4","A00000147685",,"THISP2","Y","Thienemanniella sp.",,"genus","Arthropoda","Hexapoda","Insecta","Pterygota","Neoptera","Holometabola","Diptera","Nematocera","Culicomorpha",,"Chironomidae","Orthocladiinae",,,"Thienemanniella","sp.",,"larva",2,,1,100,1,"N","N","condition OK","Y",,"Weiderholm, 1983; Weiderholm, 1986; Epler 2001; Ferrington et al. 2019; Andersen, Cranston and Epler 2013","N","Rhithron Associates, Inc.","A. Fasbender",,
"5420d637-5262-495a-86e8-544dc918e553","D08","MAYF","MAYF.AOS.reach","2021-07-21T14:02Z","2022-01-11","MAYF.20210721.SNAG.5","A00000147686",,"ANISP1","Y","Anisoptera sp.",,"suborder","Arthropoda","Hexapoda","Insecta","Pterygota","Palaeoptera",,"Odonata","Anisoptera",,,,,,,,"sp.",,"larva",1,,1,100,1,"Y","N","condition OK","Y",,"Needham et al. 2000; Merritt et al. 2019; Tennessen 2019","Y","Rhithron Associates, Inc.","J. Webb",,
"a2f7cfd4-91ed-4376-a94d-1ec2a45d01f6","D08","MAYF","MAYF.AOS.reach","2021-07-21T14:02Z","2022-01-11","MAYF.20210721.SNAG.3","A00000147675",,"TANSP11","Y","Tanytarsus sp.",,"genus","Arthropoda","Hexapoda","Insecta","Pterygota","Neoptera","Holometabola","Diptera","Nematocera","Culicomorpha",,"Chironomidae","Chironominae","Tanytarsini",,"Tanytarsus","sp.",,"larva",2,,2,100,2,"N","N","condition OK","Y",,"Weiderholm, 1983; Weiderholm, 1986; Epler 2001; Ferrington et al. 2019; Andersen, Cranston and Epler 2013","N","Rhithron Associates, Inc.","A. Fasbender",,
"f8747f28-80f9-4000-a9c2-25ed8abba8dc","D08","MAYF","MAYF.AOS.reach","2021-07-21T14:02Z","2022-01-11","MAYF.20210721.SNAG.4","A00000147685",,"MAYSP","Y","Mayatrichia sp.",,"genus","Arthropoda","Hexapoda","Insecta","Pterygota","Neoptera","Holometabola","Trichoptera",,,"Hydroptiloidea","Hydroptilidae","Hydroptilinae","Neotrichiini",,"Mayatrichia","sp.",,"larva",2,,4,100,4,"N","N","condition OK","Y",,"Wiggins 1996; Merritt et al. 2019","N","Rhithron Associates, Inc.","J. Webb",,
"0cd2ca74-e79d-42e8-85ff-fe03d007470d","D08","MAYF","MAYF.AOS.reach","2021-07-21T14:02Z","2022-01-11","MAYF.20210721.SNAG.4","A00000147685",,"POLFLA1","Y","Polypedilum flavum",,"species","Arthropoda","Hexapoda","Insecta","Pterygota","Neoptera","Holometabola","Diptera","Nematocera","Culicomorpha",,"Chironomidae","Chironominae","Chironomini",,"Polypedilum","flavum",,"larva",2,,1,100,1,"N","N","condition OK","Y",,"Weiderholm, 1983; Weiderholm, 1986; Epler 2001; Ferrington et al. 2008; Andersen, Cranston and Epler 2015","N","Rhithron Associates, Inc.","A. Fasbender",,
"355fc1d9-2260-4687-8854-66af31cbdb7f","D08","MAYF","MAYF.AOS.reach","2021-07-21T14:02Z","2022-01-11","MAYF.20210721.SNAG.4","A00000147685",,"STEPER","Y","Stelechomyia perpulchra",,"species","Arthropoda","Hexapoda","Insecta","Pterygota","Neoptera","Holometabola","Diptera","Nematocera","Culicomorpha",,"Chironomidae","Chironominae","Chironomini",,"Stelechomyia","perpulchra",,"larva",3,,1,100,1,"N","N","condition OK","Y",,"Weiderholm, 1983; Weiderholm, 1986; Epler 2001; Ferrington et al. 2008; Andersen, Cranston and Epler 2013","N","Rhithron Associates, Inc.","A. Fasbender",,
"42b492c9-2616-4b0c-a5a4-769edfbcacc5","D08","MAYF","MAYF.AOS.reach","2021-07-21T14:02Z","2022-01-11","MAYF.20210721.SNAG.5","A00000147686",,"NEOSP30","Y","Neoplasta sp.",,"genus","Arthropoda","Hexapoda","Insecta","Pterygota","Neoptera","Holometabola","Diptera","Brachycera","Muscomorpha",,"Empididae","Hemerodromiinae","Hemerodromiini",,"Neoplasta","sp.",,"larva",2,,1,100,1,"N","N","condition OK","Y",,"Merritt et al. 2019","Y","Rhithron Associates, Inc.","J. Webb",,
"667892de-039d-4bea-9570-a47ee5468cd9","D08","MAYF","MAYF.AOS.reach","2021-07-21T14:02Z","2022-01-11","MAYF.20210721.SNAG.5","A00000147686",,"STESP6","Y","Stenelmis sp.",,"genus","Arthropoda","Hexapoda","Insecta","Pterygota","Neoptera","Holometabola","Coleoptera","Polyphaga","Elateriformia","Byrrhoidea","Elmidae","Elminae","Elmini",,"Stenelmis","sp.",,"larva",2,,4,100,4,"N","N","condition OK","N",,"Brown 1972; Merritt et al. 2019","Y","Rhithron Associates, Inc.","J. Webb",,
"b03a0099-704d-4d42-a3c9-2a877c0db9a9","D08","MAYF","MAYF.AOS.reach","2021-07-21T14:02Z","2022-01-11","MAYF.20210721.SNAG.5","A00000147686",,"RHESP2","Y","Rheotanytarsus sp.",,"genus","Arthropoda","Hexapoda","Insecta","Pterygota","Neoptera","Holometabola","Diptera","Nematocera","Culicomorpha",,"Chironomidae","Chironominae","Tanytarsini",,"Rheotanytarsus","sp.",,"larva",2,,1,100,1,"Y","N","condition OK","Y",,"Weiderholm, 1983; Weiderholm, 1986; Epler 2001; Ferrington et al. 2019; Andersen, Cranston and Epler 2013","Y","Rhithron Associates, Inc.","A. Fasbender",,
"1ade7e13-a0c6-4577-879b-326b1320b3a1","D08","MAYF","MAYF.AOS.reach","2021-07-21T14:02Z","2022-01-11","MAYF.20210721.SNAG.3","A00000147675",,"CORSP19","Y","Corynoneura sp.",,"genus","Arthropoda","Hexapoda","Insecta","Pterygota","Neoptera","Holometabola","Diptera","Nematocera","Culicomorpha",,"Chironomidae","Orthocladiinae",,,"Corynoneura","sp.",,"pupa",1,,1,100,1,"N","N","condition OK","Y",,"Weiderholm, 1983; Weiderholm, 1986; Epler 2001; Ferrington et al. 2019; Andersen, Cranston and Epler 2013","N","Rhithron Associates, Inc.","A. Fasbender",,
"62398bf3-2ec3-4e6b-a98d-94ed6415b4a9","D08","MAYF","MAYF.AOS.reach","2021-07-21T14:02Z","2022-01-11","MAYF.20210721.SNAG.5","A00000147686",,"ANCVAR1","Y","Ancyronyx variegata",,"species","Arthropoda","Hexapoda","Insecta","Pterygota","Neoptera","Holometabola","Coleoptera","Polyphaga","Elateriformia","Byrrhoidea","Elmidae","Elminae","Ancyronychini",,"Ancyronyx","variegata",,"larva",3,,1,100,1,"N","N","condition OK","Y",,"Merritt et al. 2019","Y","Rhithron Associates, Inc.","J. Webb",,
"74251799-d33a-4ebd-bd00-a2fce772358c","D08","MAYF","MAYF.AOS.reach","2021-07-21T14:02Z","2022-01-11","MAYF.20210721.SNAG.4","A00000147685",,"HEMSP3","Y","Hemerodromiinae sp.",,"subfamily","Arthropoda","Hexapoda","Insecta","Pterygota","Neoptera","Holometabola","Diptera","Brachycera","Muscomorpha",,"Empididae","Hemerodromiinae",,,,"sp.",,"larva",1,,15,100,15,"Y","N","condition OK","Y",,"Merrit, Cumming and Berg 2019","N","Rhithron Associates, Inc.","J. Webb",,
"a1be32b7-501e-4ba1-83c6-5a3e9ab063a4","D08","MAYF","MAYF.AOS.reach","2021-07-21T14:02Z","2022-01-11","MAYF.20210721.SNAG.5","A00000147686",,"CRYSP2","Y","Cryptochironomus sp.",,"genus","Arthropoda","Hexapoda","Insecta","Pterygota","Neoptera","Holometabola","Diptera","Nematocera","Culicomorpha",,"Chironomidae","Chironominae","Chironomini",,"Cryptochironomus","sp.",,"larva",1,,1,100,1,"N","N","condition OK","Y",,"Weiderholm, 1983; Weiderholm, 1986; Epler 2001; Ferrington et al. 2019; Andersen, Cranston and Epler 2013","Y","Rhithron Associates, Inc.","A. Fasbender",,
"0f6e9988-ec5e-4241-90f5-74c7fe12f398","D08","MAYF","MAYF.AOS.reach","2021-07-21T14:02Z","2022-01-11","MAYF.20210721.SNAG.4","A00000147685",,"TVESP","Y","Tvetenia sp.",,"genus","Arthropoda","Hexapoda","Insecta","Pterygota","Neoptera","Holometabola","Diptera","Nematocera","Culicomorpha",,"Chironomidae","Orthocladiinae",,,"Tvetenia","sp.",,"larva",2,,3,100,3,"N","N","condition OK","Y",,"Weiderholm, 1983; Weiderholm, 1986; Epler 2001; Ferrington et al. 2019; Andersen, Cranston and Epler 2013","N","Rhithron Associates, Inc.","A. Fasbender",,
"2e063251-cb18-4844-9d43-f1b1494fd839","D08","MAYF","MAYF.AOS.reach","2021-07-21T14:02Z","2022-01-11","MAYF.20210721.SNAG.5","A00000147686",,"OSTSP","Y","Ostracoda sp.",,"class","Arthropoda","Crustacea","Ostracoda",,,,,,,,,,,,,"sp.",,"none",1,,1,100,1,"N","N","condition OK","Y",,"Thorp and Rogers 2016","Y","Rhithron Associates, Inc.","J. Webb",,
"78a13cba-1b6e-47fd-867b-1892e92ab55f","D08","MAYF","MAYF.AOS.reach","2021-07-21T14:02Z","2022-01-11","MAYF.20210721.SNAG.4","A00000147685",,"STESP8","Y","Stenochironomus sp.",,"genus","Arthropoda","Hexapoda","Insecta","Pterygota","Neoptera","Holometabola","Diptera","Nematocera","Culicomorpha",,"Chironomidae","Chironominae","Chironomini",,"Stenochironomus","sp.",,"larva",3,,1,100,1,"N","N","condition OK","Y",,"Weiderholm, 1983; Weiderholm, 1986; Epler 2001; Ferrington et al. 2019; Andersen, Cranston and Epler 2013","N","Rhithron Associates, Inc.","A. Fasbender",,
"4bb499d4-f550-49d9-83a1-ef6e0a772670","D08","MAYF","MAYF.AOS.reach","2021-07-21T14:02Z","2022-01-11","MAYF.20210721.SNAG.4","A00000147685",,"HYDSP4","Y","Hydropsychidae sp.",,"family","Arthropoda","Hexapoda","Insecta","Pterygota","Neoptera","Holometabola","Trichoptera",,,"Hydropsychoidea","Hydropsychidae",,,,,"sp.",,"larva",1,,3,100,3,"Y","N","condition OK","N",,"Wiggins 1996, Merritt et al. 2019","N","Rhithron Associates, Inc.","J. Webb",,
"0446858e-9d23-4504-9def-5f16e2679564","D08","MAYF","MAYF.AOS.reach","2021-07-21T14:02Z","2022-01-11","MAYF.20210721.SNAG.5","A00000147686",,"CORSP19","Y","Corynoneura sp.",,"genus","Arthropoda","Hexapoda","Insecta","Pterygota","Neoptera","Holometabola","Diptera","Nematocera","Culicomorpha",,"Chironomidae","Orthocladiinae",,,"Corynoneura","sp.",,"larva",1,,3,100,3,"N","N","condition OK","Y",,"Weiderholm, 1983; Weiderholm, 1986; Epler 2001; Ferrington et al. 2019; Andersen, Cranston and Epler 2013","Y","Rhithron Associates, Inc.","A. Fasbender",,
"ceb9a18a-6171-4fda-8101-e3fe2075d92f","D08","MAYF","MAYF.AOS.reach","2021-07-21T14:02Z","2022-01-11","MAYF.20210721.SNAG.5","A00000147686",,"THISP2","Y","Thienemanniella sp.",,"genus","Arthropoda","Hexapoda","Insecta","Pterygota","Neoptera","Holometabola","Diptera","Nematocera","Culicomorpha",,"Chironomidae","Orthocladiinae",,,"Thienemanniella","sp.",,"larva",1,,2,100,2,"N","N","condition OK","Y",,"Weiderholm, 1983; Weiderholm, 1986; Epler 2001; Ferrington et al. 2019; Andersen, Cranston and Epler 2013","Y","Rhithron Associates, Inc.","A. Fasbender",,
"d9edc006-063d-4a22-b2d7-21a74205becd","D08","MAYF","MAYF.AOS.reach","2021-07-21T14:02Z","2022-01-11","MAYF.20210721.CORE.3","A00000147676",,"HEXSP3","Y","Hexatoma sp.",,"genus","Arthropoda","Hexapoda","Insecta","Pterygota","Neoptera","Holometabola","Diptera","Nematocera","Tipulomorpha",,"Tipulidae","Limoniinae","Hexatomini",,"Hexatoma","sp.",,"larva",3,,1,100,1,"N","N","condition OK","Y",,"Gelhaus and Podeniene 2018; Merritt et al. 2019","N","Rhithron Associates, Inc.","B. Moore",,
"4e4bb35d-7a59-4e84-8fe5-0258520f1fc8","D08","MAYF","MAYF.AOS.reach","2021-07-21T14:02Z","2022-01-11","MAYF.20210721.SNAG.5","A00000147686",,"CRISP6","Y","Cricotopus/Orthocladius sp.",,"speciesGroup","Arthropoda","Hexapoda","Insecta","Pterygota","Neoptera","Holometabola","Diptera","Nematocera","Culicomorpha",,"Chironomidae","Orthocladiinae",,,"Cricotopus/Orthocladius","sp.",,"larva",1,,1,100,1,"Y","N","condition OK","Y",,"Weiderholm, 1983; Weiderholm, 1986; Epler 2001; Ferrington et al. 2008; Andersen, Cranston and Epler 2013","Y","Rhithron Associates, Inc.","A. Fasbender",,
"80e8fd86-c258-42c2-bb82-ad2eaf37ba16","D08","MAYF","MAYF.AOS.reach","2021-07-21T14:02Z","2022-01-11","MAYF.20210721.SNAG.5","A00000147686",,"ATUSP1","Y","Aturus sp.",,"genus","Arthropoda","Chelicerata","Arachnida","Acari",,"Acariformes","Trombidiformes","Prostigmata",,"Hygrobatoidea","Aturidae",,,,"Aturus","sp.",,"adult",1,,1,100,1,"N","N","condition OK","Y",,"Thorp and Rogers 2016","Y","Rhithron Associates, Inc.","J. Webb",,
"8ff8f659-d5bd-48c2-bcfb-7b1bbeeb9fdf","D08","MAYF","MAYF.AOS.reach","2021-07-21T14:02Z","2022-01-11","MAYF.20210721.SNAG.4","A00000147685",,"ORTLIG","Y","Orthocladius lignicola",,"species","Arthropoda","Hexapoda","Insecta","Pterygota","Neoptera","Holometabola","Diptera","Nematocera","Culicomorpha",,"Chironomidae","Orthocladiinae",,,"Orthocladius","lignicola",,"larva",2,,2,100,2,"N","N","condition OK","Y",,"Weiderholm, 1983; Weiderholm, 1986; Epler 2001; Ferrington et al. 2019; Andersen, Cranston and Epler 2013","N","Rhithron Associates, Inc.","A. Fasbender",,
"e8f0cb33-c9dc-4d3b-9941-d8b6499a34e9","D08","MAYF","MAYF.AOS.reach","2021-07-21T14:02Z","2022-01-11","MAYF.20210721.SNAG.4","A00000147685",,"STESP6","Y","Stenelmis sp.",,"genus","Arthropoda","Hexapoda","Insecta","Pterygota","Neoptera","Holometabola","Coleoptera","Polyphaga","Elateriformia","Byrrhoidea","Elmidae","Elminae","Elmini",,"Stenelmis","sp.",,"larva",3,,1,100,1,"N","N","condition OK","N",,"Brown 1972; Merritt et al. 2019","N","Rhithron Associates, Inc.","J. Webb",,
"09315bd0-4ae8-4698-a2a9-3d342483e5f8","D08","MAYF","MAYF.AOS.reach","2021-07-21T14:02Z","2022-01-11","MAYF.20210721.SNAG.4","A00000147685",,"TVESP","Y","Tvetenia sp.",,"genus","Arthropoda","Hexapoda","Insecta","Pterygota","Neoptera","Holometabola","Diptera","Nematocera","Culicomorpha",,"Chironomidae","Orthocladiinae",,,"Tvetenia","sp.",,"larva",1,,3,100,3,"N","N","condition OK","Y",,"Weiderholm, 1983; Weiderholm, 1986; Epler 2001; Ferrington et al. 2019; Andersen, Cranston and Epler 2013","N","Rhithron Associates, Inc.","A. Fasbender",,
"8de30949-07d7-463a-8aa5-074af961b213","D08","MAYF","MAYF.AOS.reach","2021-07-21T14:02Z","2022-01-11","MAYF.20210721.SNAG.2","A00000147674",,"STESP6","Y","Stenelmis sp.",,"genus","Arthropoda","Hexapoda","Insecta","Pterygota","Neoptera","Holometabola","Coleoptera","Polyphaga","Elateriformia","Byrrhoidea","Elmidae","Elminae","Elmini",,"Stenelmis","sp.",,"larva",3,,2,100,2,"N","N","condition OK","Y",,"Brown 1972; Merritt et al. 2019","N","Rhithron Associates, Inc.","B. Moore",,
"ee464ac8-50d9-4dd4-9925-f76fed6750d5","D08","MAYF","MAYF.AOS.reach","2021-07-21T14:02Z","2022-01-11","MAYF.20210721.SNAG.5","A00000147686",,"CHISP6","Y","Chironomini sp.",,"tribe","Arthropoda","Hexapoda","Insecta","Pterygota","Neoptera","Holometabola","Diptera","Nematocera","Culicomorpha",,"Chironomidae","Chironominae","Chironomini",,,"sp.",,"larva",1,,1,100,1,"Y","N","condition OK","N",,"Weiderholm, 1983; Weiderholm, 1986; Epler 2001; Ferrington et al. 2019; Andersen, Cranston and Epler 2013","Y","Rhithron Associates, Inc.","A. Fasbender",,
"180a8460-2e3c-445f-a1c3-7b848d6e2bbd","D08","MAYF","MAYF.AOS.reach","2021-07-21T14:02Z","2022-01-11","MAYF.20210721.SNAG.5","A00000147686",,"DIPSP8","Y","Diplectrona sp.",,"genus","Arthropoda","Hexapoda","Insecta","Pterygota","Neoptera","Holometabola","Trichoptera",,,"Hydropsychoidea","Hydropsychidae","Diplectroninae",,,"Diplectrona","sp.",,"larva",2,,1,100,1,"N","N","condition OK","Y",,"Wiggins 1996","Y","Rhithron Associates, Inc.","J. Webb",,
"b11f319d-ad1d-49a7-ad9b-e68e4e29e5da","D08","MAYF","MAYF.AOS.reach","2021-07-21T14:02Z","2022-01-11","MAYF.20210721.SNAG.1","A00000147669",,"OECTES","Y","Oecetis testacea gr.",,"speciesGroup","Arthropoda","Hexapoda","Insecta","Pterygota","Neoptera","Holometabola","Trichoptera",,,"Leptoceroidea","Leptoceridae","Leptocerinae","Oecetini",,"Oecetis","gr.",,"larva",1,,1,100,1,"N","N","condition OK","Y",,"Floyd 1995","N","Rhithron Associates, Inc.","B. Moore",,
"25333ba4-d0ac-40d7-9742-07c67a0041f6","D08","MAYF","MAYF.AOS.reach","2021-07-21T14:02Z","2022-01-11","MAYF.20210721.SNAG.5","A00000147686",,"TANSP11","Y","Tanytarsus sp.",,"genus","Arthropoda","Hexapoda","Insecta","Pterygota","Neoptera","Holometabola","Diptera","Nematocera","Culicomorpha",,"Chironomidae","Chironominae","Tanytarsini",,"Tanytarsus","sp.",,"larva",2,,16,100,16,"N","N","condition OK","Y",,"Weiderholm, 1983; Weiderholm, 1986; Epler 2001; Ferrington et al. 2019; Andersen, Cranston and Epler 2013","Y","Rhithron Associates, Inc.","A. Fasbender",,
"0cd35803-ecd9-4d67-8f45-0586e10770b9","D08","MAYF","MAYF.AOS.reach","2021-07-21T14:02Z","2022-01-11","MAYF.20210721.SNAG.5","A00000147686",,"CERSP10","Y","Ceratopogoninae sp.",,"subfamily","Arthropoda","Hexapoda","Insecta","Pterygota","Neoptera","Holometabola","Diptera","Nematocera","Culicomorpha",,"Ceratopogonidae","Ceratopogoninae",,,,"sp.",,"larva",1,,5,100,5,"N","N","condition OK","Y",,"Merritt et al. 2019","Y","Rhithron Associates, Inc.","J. Webb",,
"61eeebf6-b6e3-45b1-9160-81f808738aa0","D08","MAYF","MAYF.AOS.reach","2021-07-21T14:02Z","2022-01-11","MAYF.20210721.SNAG.4","A00000147685",,"STEPER","Y","Stelechomyia perpulchra",,"species","Arthropoda","Hexapoda","Insecta","Pterygota","Neoptera","Holometabola","Diptera","Nematocera","Culicomorpha",,"Chironomidae","Chironominae","Chironomini",,"Stelechomyia","perpulchra",,"larva",1,,2,100,2,"N","N","condition OK","Y",,"Weiderholm, 1983; Weiderholm, 1986; Epler 2001; Ferrington et al. 2008; Andersen, Cranston and Epler 2013","N","Rhithron Associates, Inc.","A. Fasbender",,
"36bb93ef-cdfa-447d-a44f-1c93207559b3","D08","MAYF","MAYF.AOS.reach","2021-07-21T14:02Z","2022-01-11","MAYF.20210721.SNAG.5","A00000147686",,"THIGRO","Y","Thienemannimyia gr.",,"speciesGroup","Arthropoda","Hexapoda","Insecta","Pterygota","Neoptera","Holometabola","Diptera","Nematocera","Culicomorpha",,"Chironomidae","Tanypodinae","Pentaneurini",,"Thienemannimyia","gr.",,"larva",4,,1,100,1,"Y","N","condition OK","Y",,"Weiderholm, 1983; Weiderholm, 1986; Epler 2001; Ferrington et al. 2008; Andersen, Cranston and Epler 2017","Y","Rhithron Associates, Inc.","A. Fasbender",,
"8874ac81-ecfe-468b-92f1-e076378b59e5","D08","MAYF","MAYF.AOS.reach","2021-07-21T14:02Z","2022-01-11","MAYF.20210721.SNAG.4","A00000147685",,"TANSP11","Y","Tanytarsus sp.",,"genus","Arthropoda","Hexapoda","Insecta","Pterygota","Neoptera","Holometabola","Diptera","Nematocera","Culicomorpha",,"Chironomidae","Chironominae","Tanytarsini",,"Tanytarsus","sp.",,"larva",2,,1,100,1,"N","N","condition OK","Y",,"Weiderholm, 1983; Weiderholm, 1986; Epler 2001; Ferrington et al. 2019; Andersen, Cranston and Epler 2013","N","Rhithron Associates, Inc.","A. Fasbender",,
"3757a03a-144c-42a4-9b9d-37c4e6248b13","D08","MAYF","MAYF.AOS.reach","2021-07-21T14:02Z","2022-01-11","MAYF.20210721.SNAG.5","A00000147686","BA21NEOMST14001O1","ENCSP1","Y","Enchytraeidae sp.",,"family","Annelida","Clitellata","Oligochaeta","Oligochaeta",,,"Enchytraeida",,,,"Enchytraeidae",,,,,"sp.",,"none",1,,2,100,2,"N","N","condition OK","Y",,"Kathman and Brinkhurst, 1999","Y","Rhithron Associates, Inc.","A. Fasbender",,
"b1746780-63a7-455d-a7e6-8c8e6ffb1223","D08","MAYF","MAYF.AOS.reach","2021-07-21T14:02Z","2022-01-11","MAYF.20210721.SNAG.2","A00000147674",,"STESP6","Y","Stenelmis sp.",,"genus","Arthropoda","Hexapoda","Insecta","Pterygota","Neoptera","Holometabola","Coleoptera","Polyphaga","Elateriformia","Byrrhoidea","Elmidae","Elminae","Elmini",,"Stenelmis","sp.",,"larva",5,,1,100,1,"N","N","condition OK","Y",,"Brown 1972; Merritt et al. 2019","N","Rhithron Associates, Inc.","B. Moore",,
"dd91d330-b5e7-44c9-acb6-ba0dc3d3f38a","D08","MAYF","MAYF.AOS.reach","2021-07-21T14:02Z","2022-01-11","MAYF.20210721.SNAG.5","A00000147686",,"ANCBIC","Y","Anchytarsus bicolor",,"species","Arthropoda","Hexapoda","Insecta","Pterygota","Neoptera","Holometabola","Coleoptera","Polyphaga","Elateriformia","Byrrhoidea","Ptilodactylidae","Anchytarsinae",,,"Anchytarsus","bicolor",,"larva",2,,1,100,1,"N","N","condition OK","Y",,"Merritt et al. 2019","Y","Rhithron Associates, Inc.","J. Webb",,
